jockey,jockey_starts,jockey_siegrate
Thore Hammer-Hansen,871.0,0.1848
Leon Wolff,665.0,0.1579
Martin Seidl,657.0,0.102
Michael Cadeddu,635.0,0.0835
Rene Piechulek,575.0,0.1461
Jozef Bojko,564.0,0.0603
Sean Byrne,550.0,0.1091
Sibylle Vogt,539.0,0.1484
Michal Abik,537.0,0.0764
Miguel Lopez,477.0,0.0671
Eduardo Pedroza,471.0,0.1529
Anna van den Troost,464.0,0.0862
Bauyrzhan Murzabayev,459.0,0.1656
Wladimir Panov,446.0,0.1256
Lilli-Marie Engels,431.0,0.1206
Nina Baltromei,375.0,0.1547
Alexander Pietsch,365.0,0.0795
Andrea Ricupa,364.0,0.1401
Adrie de Vries,354.0,0.1977
David Liska,310.0,0.1226
Andrasch Starke,286.0,0.1399
Michaela Malacova,251.0,0.0916
Senan Macredmond,249.0,0.1205
Patrick Gibson,249.0,0.0402
Bayarsaikhan Ganbat,231.0,0.0779
Concetto Santangelo,226.0,0.0442
Tomas Roman,210.0,0.1095
Hugo Boutin,177.0,0.1243
Janina Boysen,169.0,0.1006
Stefanie Koyuncu,160.0,0.0625
Esentur Turganaaly Uulu,149.0,0.1611
Robin Weber,131.0,0.1527
Konstantin Phillip,119.0,0.1513
Bertrand Flandrin,118.0,0.1271
Benjamin Marie,115.0,0.1043
Matthew Sebastian Johnson,104.0,0.1538
Janine Beckmann,87.0,0.0805
Hammer-Hansen Thore,72.0,0.2361
Corentin Berge,71.0,0.0845
Melina Ehm,70.0,0.1143
Pablo Werder,69.0,0.0725
Nicol Polli,66.0,0.0606
Marissa Potters,65.0,0.1538
Jaqueline Laquai,64.0,0.1094
Elodie Marie Palau Teruel,63.0,0.0794
Ulan Kozhomkulov,62.0,0.129
Patricia Tepper,60.0,0.1167
Alina Schubert,59.0,0.0847
Anna-Lena Weidler,58.0,0.069
Nina Wagner,58.0,0.0517
Wolff Leon,57.0,0.193
Vanesa Csernak,57.0,0.0702
E Uulu,55.0,0.1455
Michaela Musialova,54.0,0.0926
Esther Ruth Weißmeier,53.0,0.0755
Maike Riehl,51.0,0.0392
Enzo Crublet,50.0,0.12
Mirko Sanna,49.0,0.0
Adam Florian,49.0,0.0612
Silke Brüggemann,48.0,0.1458
Shuichi Terachi,47.0,0.1064
Marie Gast,44.0,0.0455
Jose Luis Silverio,43.0,0.0698
Kevin Braye,43.0,0.2558
Rene Koplik,42.0,0.0476
Matthew-Sebastian Johnson,41.0,0.122
M Abik,40.0,0.075
Alexander Weis,38.0,0.0263
Lukas Delozier,38.0,0.1316
Martin Laube,37.0,0.1081
Celine Johne,37.0,0.0811
Sina Schmidt,36.0,0.0833
Koen Clijmans,36.0,0.0556
Erhan Yavuz,34.0,0.0
Nora Cronauer,32.0,0.125
Elisabeth Stahlhut,32.0,0.1562
Milan Zatloukal,30.0,0.1667
Swen Straßmeier,29.0,0.1034
Eliska Fialkova,29.0,0.0345
Hakim Tabet,28.0,0.3214
Bolot Kalysbek Uulu,27.0,0.037
Claudia Fleißner,27.0,0.037
Ulrike Timmermann,27.0,0.1481
Julian Sixt,26.0,0.1154
Antonia von der Recke,26.0,0.0769
Ines Löwe,25.0,0.16
Tommaso Scardino,25.0,0.16
Tolga Koyuncu,23.0,0.0435
Luke Morris,23.0,0.2174
Larissa Bieß,22.0,0.0
Vivian Fahrnow,21.0,0.1429
Jule Höggemann,17.0,0.0
Jiri Palik,17.0,0.0
Jaromir Safar,14.0,0.2143
Pavlina Kasparova,14.0,0.1429
Yeva Bakalova,13.0,0.0
Andrew Breslin,13.0,0.1538
Shannon Patricia Spratter,13.0,0.0
Birgit Roesch,13.0,0.0
Liubov Grigorieva,13.0,0.0769
Julia Rogl,12.0,0.0
Sonja Daroszewski,11.0,0.0909
Jack Mitchell,11.0,0.1818
Jan Verner,11.0,0.0
M Laube,11.0,0.1818
Frau Boysen,11.0,0.2727
Saskia Müller,11.0,0.0
Annett Keller,11.0,0.0
Clement Lecoeuvre,11.0,0.0909
Cecila Müller,10.0,0.0
Robin Haedens,10.0,0.0
Sarah Winkeler,10.0,0.3
Hollie Doyle,10.0,0.2
Augustin Madamet,9.0,0.0
Niazi Ismail,9.0,0.1111
Laura Giesgen,9.0,0.0
A Weidler,9.0,0.0
Lize H.W. Dieteren,9.0,0.1111
Jenny Langhard,8.0,0.0
Ismail Koyuncu,8.0,0.125
Sandro De Paiva,8.0,0.0
Eddy Hardouin,8.0,0.125
Antoine Hamelin,7.0,0.1429
Silke Bruggemann,7.0,0.1429
Natalie Flenerova,7.0,0.0
Sarah Scholl,7.0,0.0
Roy N.J.van Eck,7.0,0.0
Rens P. Verberkt,7.0,0.1429
Lize Ghys-Dieteren,7.0,0.1429
Luisa Stephanie Steudle,7.0,0.0
Marian Betl,7.0,0.0
A Schubert,7.0,0.0
Janice Gecergün,6.0,0.0
Ioritz Mendizabal,6.0,0.1667
Nina K. Schumann,6.0,0.0
Sofie Hammer-Hansen,6.0,0.0
Elodie Teruel,6.0,0.0
Stanislav Georgiev,6.0,0.0
Cristian Demuro,6.0,0.1667
Billy Loughnane,5.0,0.2
Tereza Grbavcicova,5.0,0.0
Martin Srnec,5.0,0.4
Pavel Bradik,5.0,0.0
Mustafa Manav,5.0,0.0
Pierre Bazire,5.0,0.0
Mickaelle Michel,5.0,0.0
Jacqueline Laquai,5.0,0.0
Janine Schmidt,5.0,0.0
Kevin Woodburn,5.0,0.2
Petr Foret,4.0,0.25
J Beckmann,4.0,0.25
Kimberly van der Vegt,4.0,0.0
Vivien Itzen,4.0,0.0
Zsofia Pancsik,4.0,0.0
Emelie Gustavsson,4.0,0.0
Mickael Forest,4.0,0.0
M Potters,4.0,0.0
P Tepper,4.0,0.0
Claudia Pledl,4.0,0.0
Clifford Lee,4.0,0.0
Sina-Kristin Müller,4.0,0.0
Mira Kraeber,4.0,0.0
Selina Torres-Wengemuth,4.0,0.0
Oisin Murphy,3.0,0.0
Marco Ghiani,3.0,0.0
Fabrice Veron,3.0,0.0
Larissa Biess,3.0,0.0
Giulia Pauls,3.0,0.0
Antonio Orani,3.0,0.3333
Berit Weber,3.0,0.0
Tereza Jedlickova,3.0,0.0
Faleh Bughenaim,3.0,0.0
Anna Lebduskova,3.0,0.3333
I Lowe,3.0,0.0
Vanessa Wutke,3.0,0.3333
Jule Hoggemann,3.0,0.0
William T. Buick,3.0,0.3333
Katja Rodig,3.0,0.0
Guillaume Trolley De Prevaux,3.0,0.0
Chelsea E. Watlow,3.0,0.0
Rad Koplik,3.0,0.3333
Soufiane Saadi,3.0,0.0
Serena Brotherton,3.0,0.3333
Carlos Lopez,3.0,0.3333
Claudia Fleissner,3.0,0.0
Karen Dieltjens,2.0,0.0
Voher:Sibylle VogtMichael Cadeddu,2.0,0.5
Hugo Journiac,2.0,0.5
Voher:Concetto SantangeloAlexander Pietsch,2.0,0.0
Jason Watson,2.0,0.0
Voher:Sibylle VogtLeon Wolff,2.0,0.5
Voher:Sean ByrneRene Piechulek,2.0,0.5
Julien-L. Guillochon,2.0,0.0
Monique Lübcke,2.0,0.0
Voher:Tomas RomanEliska Fialkova,2.0,0.0
Alberto Sanna,2.0,0.0
Alexis Pouchin,2.0,0.0
Voher:Wladimir PanovLeon Wolff,2.0,0.5
Monir Madihi,2.0,0.0
Rostislav Bens,2.0,0.0
S Spratter,2.0,0.0
Petr Tuma,2.0,0.0
Frida Sandbraaten,2.0,0.0
Francesca Cecchini,2.0,0.0
Simona Laubeova,2.0,0.0
Silvestre De Sousa,2.0,0.5
Mr Strassmeier,2.0,0.5
O Wilson,2.0,0.0
Mickael Barzalona,2.0,0.0
Enzo Corallo,2.0,0.0
Lize Dieteren,2.0,0.0
Gijs C.P. Snijders,2.0,1.0
Filip Hellebrand,2.0,0.0
Tom Marquand,2.0,0.0
Judit Dickinson,2.0,0.0
Jose Goncalves,2.0,0.0
Voher:Konstantin PhillipSenan Macredmond,2.0,0.0
Josef Bartos,2.0,0.0
Theo Bachelot,2.0,0.5
Valmir De Azeredo,1.0,0.0
Vedat Abis,1.0,0.0
Vincent C.Y. Ho,1.0,0.0
Valmir Azeredo,1.0,0.0
Vivien Müller,1.0,0.0
Kirsten Pottle,1.0,0.0
Voher:Anna van den TroostMichaela Malacova,1.0,0.0
Hugo Besnier,1.0,0.0
Voher:Lilli-Marie EngelsAnna van den Troost,1.0,0.0
Voher:Michael CaddeduMichael Cadeddu,1.0,0.0
Jose Pedro Martins Goncalves,1.0,0.0
Voher:Andrea RicupaSenan Macredmond,1.0,1.0
Voher:Konstantin PhillipNina Baltromei,1.0,0.0
J Rogl,1.0,0.0
Voher:Bauyrzhan MurzabayevThore Hammer-Hansen,1.0,1.0
Voher:Liili-Marie EngelsLilli-Marie Engels,1.0,0.0
Jan Faltejsek,1.0,0.0
Jan Havlik,1.0,0.0
Voher:Rene PiechulekThore Hammer-Hansen,1.0,0.0
Voher:Pablo WerderAndrea Ricupa,1.0,0.0
Voher:Senan MacredmondNina Baltromei,1.0,0.0
Voher:Sean ByrneMichal Abik,1.0,0.0
Jaqueline Nutzl,1.0,0.0
Jamie Powell,1.0,0.0
Voher:Patrick GibsonSibylle Vogt,1.0,0.0
Voher:Nina BaltromeiEduardo Pedroza,1.0,0.0
K Zwahlen,1.0,0.0
Voher:Concetto SantangeloLeon Wolff,1.0,0.0
Taylor Fisher,1.0,0.0
Michal Mach,1.0,0.0
B Roesch,1.0,0.0
Noemi Pulcini,1.0,0.0
Oliver Wilson,1.0,0.0
Fabien Lefebvre,1.0,0.0
Mie Bleichfeldt,1.0,0.0
Fabian Xaver Weißmeier,1.0,1.0
Esther Weissmeier,1.0,0.0
Emrah Kurdu,1.0,0.0
Emilia Stegner,1.0,0.0
Marie Behr,1.0,0.0
Matthieu Calbrix,1.0,0.0
Mario Sprusansky,1.0,0.0
Marina Eckert,1.0,0.0
Cecilia Schnyder,1.0,0.0
Stephane Breux,1.0,0.0
Glen Meury,1.0,0.0
C Watlow,1.0,0.0
Frida Valle Skar,1.0,0.0
Kristina Tijanic,1.0,0.0
Laura Karnoll,1.0,0.0
L Rousseau,1.0,0.0
Lenka Neprasova,1.0,0.0
Tony Piccone,1.0,0.0
Aurelien Lemaitre,1.0,1.0
Lilith Bals,1.0,0.0
V Muller,1.0,0.0
Anthony Crastus,1.0,0.0
Luisa Bachleitner,1.0,0.0
Lucie Fialova,1.0,0.0
Tereza Polesna,1.0,0.0
Thomas Trullier,1.0,0.0
Shane Foley,1.0,0.0
Sophie O'Brien,1.0,0.0
Ronny Bonk,1.0,0.0
E Hulsman,1.0,0.0
Dorian Provost,1.0,0.0
Pavel Kasny,1.0,0.0
Selina Spurk,1.0,0.0
Edward Greatrex,1.0,0.0
Ebbe Verhestraeten,1.0,0.0
Earine Dubourg,1.0,0.0
Seppe Balcaen,1.0,1.0
Solange Gourdain,1.0,0.0
Shane J. Gray,1.0,0.0
Nikola Miklova,1.0,0.0
Sean Levey,1.0,1.0
Rocio Relano-Sieira,1.0,0.0
Rens Verberkt,1.0,0.0
Ronan Thomas,1.0,0.0
Saskia Muller,1.0,0.0
Sascha Stappaerts,1.0,0.0
Darragh Keenan,1.0,0.0
Daniel Vyhnalek,1.0,0.0
Radek Koplik,1.0,0.0
Cieren Fallon,1.0,0.0
Salvatore Di Paola,1.0,0.0
Sally Langhard,1.0,0.0
Z Sovan,1.0,0.0
Zoe Bauer,1.0,0.0
Adam Sebesta,1.0,1.0
Sabina Mokrosova,1.0,0.0
Voher:Tomas RomanDavid Liska,1.0,0.0
Voher:Tomas RomanJozef Bojko,1.0,0.0
Voher:Tomas RomanMiguel Lopez,1.0,0.0
Voher:Wladimir PanovEduardo Pedroza,1.0,0.0
Alen Ördög,0.0,0.0
Amina Mathony,0.0,0.0
Andrea Mezzatesta,0.0,0.0
Andrea Schneider,0.0,0.0
Voher:Tommaso ScardinoMichal Abik,0.0,0.0
Voher:Ulan KozhomkulovElisabeth Stahlhut,0.0,0.0
Voher:Vanesa CsernakJose Luis Silverio,0.0,0.0
Voher:Wladimir PanovAnna van den Troost,0.0,0.0
Voher:Wladimir PanovMartin Seidl,0.0,0.0
Voher:Wladimir PanovMiguel Lopez,0.0,0.0
Voher:Wladimir PanovTomas Roman,0.0,0.0
Voher:Wladimir PanovVanesa Csernak,0.0,0.0
Voher:Tomas RomanAndrasch Starke,0.0,0.0
Voher:Tomas RomanJ.L.Silveri,0.0,0.0
Voher:Tomas RomanMartin Seidl,0.0,0.0
Voher:Tomas RomanMichael Cadeddu,0.0,0.0
Voher:Tomas RomanMichaela Malacova,0.0,0.0
Voher:Tomas RomanMichal Abik,0.0,0.0
Voher:Tomas RomanUlan Kozhomkulov,0.0,0.0
Voher:Tommaso ScardinoAnna van den Troost,0.0,0.0
Yusif Rustamov,0.0,0.0
Christopher D. Hayes,0.0,0.0
David Egan,0.0,0.0
Petra Zedkova,0.0,0.0
Robert Havlin,0.0,0.0
Romain Lemiere,0.0,0.0
Ronan P. Whelan,0.0,0.0
Ronja Genzmer,0.0,0.0
Ryan-Lee Moore,0.0,0.0
Dylan Browne Mc Monagle,0.0,0.0
Elin Hedman,0.0,0.0
Elione Chaves,0.0,0.0
Ellie Holder,0.0,0.0
Pavel Tuma,0.0,0.0
Peter Pozar/Slowenien,0.0,0.0
Sean M. Levey,0.0,0.0
Sebastian Wenz,0.0,0.0
Sergej Vasyutov,0.0,0.0
Sophie Tison,0.0,0.0
Moa Fägerhall,0.0,0.0
Nancy Luft,0.0,0.0
Naomi Verheij,0.0,0.0
Nathan Crosse,0.0,0.0
Oliver d'Andigne,0.0,0.0
Emelie Brosig,0.0,0.0
Esra von Kornatzki,0.0,0.0
Eva Buriankova,0.0,0.0
Eva Maria Herresthal,0.0,0.0
Fabienne Zimmermann,0.0,0.0
Stefanie Bahn,0.0,0.0
Calix Moisson,0.0,0.0
Callum Hutchinson,0.0,0.0
Callum Shepherd,0.0,0.0
Carmen Huber,0.0,0.0
Caro Bauer,0.0,0.0
Susanne Rose,0.0,0.0
Szczepan Mazur,0.0,0.0
Maikel Narvaez Bravo,0.0,0.0
Malone Favriaux,0.0,0.0
Mark Wenz,0.0,0.0
Mathis Moeykens,0.0,0.0
Maxime Guyon,0.0,0.0
Michaela Jakabova,0.0,0.0
Tatiana Masova,0.0,0.0
Taylor Kingsley,0.0,0.0
Teagan Padgett,0.0,0.0
Tegan Padgett,0.0,0.0
Tereza Podraska,0.0,0.0
Angeline Batist/Niederlande,0.0,0.0
Angelo Citti,0.0,0.0
Antje Kathrin Thielen,0.0,0.0
Lucas Gueracague,0.0,0.0
Luisa Keller,0.0,0.0
Finley Marsh,0.0,0.0
Frederick Larson,0.0,0.0
Frida Valle-Skar,0.0,0.0
Giulia Pellegrini,0.0,0.0
Klara Chrbolkova,0.0,0.0
Kobe Vanderbeke,0.0,0.0
Laura Coughlan,0.0,0.0
Laura Grosso,0.0,0.0
Lea  Mertes,0.0,0.0
Leo Roussel,0.0,0.0
Leonardo Muas,0.0,0.0
Lewis Edmunds,0.0,0.0
Lotte Haberkorn,0.0,0.0
Balazs Zsanett,0.0,0.0
Voher:A. PietschAlexander Pietsch,0.0,0.0
Voher:Alexander PietschA. Pietsch,0.0,0.0
Voher:Alexander PietschJozef Bojko,0.0,0.0
Voher:Andrea RicupaMichaela Malacova,0.0,0.0
Voher:Andrea RicupaMiguel Lopez,0.0,0.0
Voher:Andrea RicupaRobin Weber,0.0,0.0
Voher:Andrea RicupaThore Hammer-Hansen,0.0,0.0
Voher:Andrew BreslinThore Hammer-Hansen,0.0,0.0
Voher:Anna van den TroostLeon Wolff,0.0,0.0
Voher:Anna van den TroostLilli-Marie Engels,0.0,0.0
Voher:Anna van den TroostMichael Cadeddu,0.0,0.0
Voher:Anna van den TroostSean Byrne,0.0,0.0
Voher:Anna van den TroostThore Hammer-Hansen,0.0,0.0
Voher:Antonia von der ReckeMichaela Malacova,0.0,0.0
Voher:Bauyrzhan MurzabayevEduardo Pedroza,0.0,0.0
Voher:Bauyrzhan MurzabayevMichal Abik,0.0,0.0
Katharina Heise,0.0,0.0
Kevin Stott,0.0,0.0
Helen Böhler,0.0,0.0
Helene Sourbe/Frankreich,0.0,0.0
Irmingard Heßler,0.0,0.0
Jacob Johansen,0.0,0.0
Voher:Bauyrzhan MurzabayevSibylle Vogt,0.0,0.0
Voher:Bayarsaikhan GanbatStefanie Koyuncu,0.0,0.0
Voher:Concetto SantangeloAnna van den Troost,0.0,0.0
Voher:Concetto SantangeloJose Luis Silverio,0.0,0.0
Voher:Concetto SantangeloMartin Laube,0.0,0.0
Voher:Concetto SantangeloMichael Cadeddu,0.0,0.0
Voher:Concetto SantangeloMichaela Malakova,0.0,0.0
Voher:Concetto SantangeloPatrick Gibson,0.0,0.0
Voher:Cristian DemuroDavid Liska,0.0,0.0
Voher:Eduardo PedrozaLeon Wolff,0.0,0.0
Voher:Eduardo PedrozaMiguel Lopez,0.0,0.0
Voher:Eduardo PedrozaThore Hammer-Hansen,0.0,0.0
Voher:Gijs C.P. SnijdersGijs C.P. Snijders,0.0,0.0
Voher:Hugo BoutinCorentin Berge,0.0,0.0
Voher:Hugo BoutinLuke Morris,0.0,0.0
Voher:Hugo BoutinMartin Seidl,0.0,0.0
Voher:Ines LöweLeon Wolff,0.0,0.0
Voher:Ioritz MendizabalMichal Abik,0.0,0.0
Voher:Jack MitchellAdrie de Vries,0.0,0.0
Voher:Jack MitchellClifford Lee,0.0,0.0
Voher:Jack MitchellDavid Liska,0.0,0.0
Voher:Jan FaltejsekJ. Kratochvil,0.0,0.0
Voher:Jan KratochvilJosef Bartos,0.0,0.0
Voher:Janina BoysenMartin Seidl,0.0,0.0
Voher:Janina BoysenPatrick Gibson,0.0,0.0
Voher:Janine BeckmannLilli-Marie Engels,0.0,0.0
Voher:Janine SchmidtJanine Schmidt,0.0,0.0
Voher:Jiri PalikJiri Palik,0.0,0.0
Voher:Jose Luis SilverioBayarsaikhan Ganbat,0.0,0.0
Voher:Josef BojkoJozef Bojko,0.0,0.0
Voher:Julian SixtEduardo Pedroza,0.0,0.0
Voher:Julian SixtJaqueline Laquai,0.0,0.0
Voher:Julian SixtNiazi Ismail,0.0,0.0
Voher:Karen DieltjensJenny Langhard,0.0,0.0
Voher:Konstantin PhillipAdrie de Vries,0.0,0.0
Voher:Konstantin PhillipAndrea Ricupa,0.0,0.0
Voher:Konstantin PhillipBauyrzhan Murzabayev,0.0,0.0
Voher:Konstantin PhillipEduardo Pedroza,0.0,0.0
Voher:Konstantin PhillipElodie Marie Palau Teruel,0.0,0.0
Voher:Konstantin PhillipHugo Boutin,0.0,0.0
Voher:Konstantin PhillipMichael Cadeddu,0.0,0.0
Voher:Konstantin PhillipRene Piechulek,0.0,0.0
Voher:Lennart Hammer-HansenRobin Weber,0.0,0.0
Voher:Leon WolffDavid Liska,0.0,0.0
Voher:Leon WolffRene Piechulek,0.0,0.0
Voher:Leon WolffVanesa Csernak,0.0,0.0
Voher:Lilli-Marie EngelsMirko Sanna,0.0,0.0
Voher:Lilli-Marie EngelsWladimir Panov,0.0,0.0
Voher:Lukas DelozierClement Lecoeuvre,0.0,0.0
Voher:Lukas DelozierDavid Liska,0.0,0.0
Voher:Lukas DelozierEsther Ruth Weißmeier,0.0,0.0
Voher:Lukas DelozierThore Hammer-Hansen,0.0,0.0
Voher:Luke MorrisBertrand Flandrin,0.0,0.0
Voher:Marissa PottersJudit Dickinson,0.0,0.0
Voher:Martin LaubeM. Laube,0.0,0.0
Voher:Martin SeidlWladimir Panov,0.0,0.0
Voher:Matthew Sebastian JohnsonDavid Liska,0.0,0.0
Voher:Matthew Sebastian JohnsonPatrick Gibson,0.0,0.0
Voher:Matthew Sebastian JohnsonThore Hammer-Hansen,0.0,0.0
Voher:Melina EhmElisabeth Stahlhut,0.0,0.0
Voher:Melina EhmLilli-Marie Engels,0.0,0.0
Voher:Michael CadedduEsther Ruth Weißmeier,0.0,0.0
Voher:Michal AbikEduardo Pedroza,0.0,0.0
Voher:Michal AbikMichael Abik,0.0,0.0
Voher:Michal AbikSean Byrne,0.0,0.0
Voher:Miguel LopezWladimir Panov,0.0,0.0
Voher:Mirko SannaBayarsaikhan Ganbat,0.0,0.0
Voher:Nicol PolliMartin Laube,0.0,0.0
Voher:Nicol PolliRene Koplik,0.0,0.0
Voher:Nicol PolliSean Byrne,0.0,0.0
Voher:Nicol PolliShuichi Terachi,0.0,0.0
Voher:Nina BaltromeiAm. Nina Baltromei,0.0,0.0
Jerome Moutard,0.0,0.0
Joana Glienke,0.0,0.0
Josef Borc,0.0,0.0
Jozef Takacs,0.0,0.0
Judith Dickinson,0.0,0.0
Julia Gruschka,0.0,0.0
Julia Klein,0.0,0.0
Karolina Hroskova,0.0,0.0
Voher:Nina BaltromeiDavid Liska,0.0,0.0
Voher:Nina BaltromeiMichaela Malacova,0.0,0.0
Voher:Nina BaltromeiMiguel Lopez,0.0,0.0
Voher:Nina BaltromeiRene Koplik,0.0,0.0
Voher:Nina BaltromeiSara Horcajada Bermudez,0.0,0.0
Voher:Nina BaltromeiSean Byrne,0.0,0.0
Voher:Oisin MurphyLilli-Marie Engels,0.0,0.0
Voher:Pablo WerderRobin Weber,0.0,0.0
Voher:Patrick GibsonAnna van den Troost,0.0,0.0
Voher:Patrick GibsonMiguel Lopez,0.0,0.0
Voher:Patrick GibsonMirko Sanna,0.0,0.0
Voher:Pavlina KasparovaElodie Marie Palau Teruel,0.0,0.0
Voher:Rene KoplikSean Byrne,0.0,0.0
Voher:Rene KoplikSimona Laubeova,0.0,0.0
Voher:Rene KoplikWladimir Panov,0.0,0.0
Voher:Rene PiechulekHugo Boutin,0.0,0.0
Voher:Rene PiechulekLeon Wolff,0.0,0.0
Voher:Rene PiechulekMichal Abik,0.0,0.0
Voher:Robert HavlinBauyrzhan Murzabayev,0.0,0.0
Voher:Robin WeberAlexander Pietsch,0.0,0.0
Voher:Robin WeberAlexander Weis,0.0,0.0
Voher:Robin WeberAnna van den Troost,0.0,0.0
Voher:Robin WeberBenjamin Marie,0.0,0.0
Voher:Salvatore Di PaolaSelina Torres-Wengemuth,0.0,0.0
Voher:Sarah WinkelerKonstantin Phillip,0.0,0.0
Voher:Sean ByrneAndrea Ricupa,0.0,0.0
Voher:Sean ByrneAnna van den Troost,0.0,0.0
Voher:Sean ByrneBenjamin Marie,0.0,0.0
Voher:Wladimir PanovWladimir Psnov,0.0,0.0
Voher:e. WeißmeierEsther Ruth Weißmeier,0.0,0.0
Jakub Kocman,0.0,0.0
James Doyle,0.0,0.0
James Peter Spencer,0.0,0.0
Jan Kovar,0.0,0.0
Jeremy Moisan,0.0,0.0
Voher:Sean ByrneCecila Müller,0.0,0.0
Voher:Sean ByrneEduardo Pedroza,0.0,0.0
Voher:Sean ByrneElodie Marie Palau Teruel,0.0,0.0
Voher:Sean ByrneEsentur Turganaaly Uulu,0.0,0.0
Voher:Senan MacredmondMartin Seidl,0.0,0.0
Voher:Senan MacredmondMichaela Malakova,0.0,0.0
Voher:Shuichi TerachiErhan Yavuz,0.0,0.0
Voher:Sibylle VogtBayarsaikhan Ganbat,0.0,0.0
Voher:Sibylle VogtJozef Bojko,0.0,0.0
Voher:Sibylle VogtMirko Sanna,0.0,0.0
Voher:Sibylle VogtPatrick Gibson,0.0,0.0
Voher:Sibylle VogtRene Piechulek,0.0,0.0
Voher:Sibylle VogtWladimir Panov,0.0,0.0
Voher:Silke BrüggemannAnna v.d. Troost,0.0,0.0
Voher:Silke BrüggemannLeon Wolff,0.0,0.0
Voher:Sina SchmidtJozef Bojko,0.0,0.0
Voher:Sina SchmidtMarie Gast,0.0,0.0
Voher:Sofie Hammer-HansenJulian Sixt,0.0,0.0
Voher:Teagan PadgettMarissa Potters,0.0,0.0
Voher:Tereza JedlickovaRobin Weber,0.0,0.0
Voher:Tereza JedlickovaSimona Laubeova,0.0,0.0
Voher:Tereza PolesnaHakim Tabet,0.0,0.0
Voher:Thore Hammer-HansenAnna van den Troost,0.0,0.0
Voher:Thore Hammer-HansenEsentur Turganaaly Uulu,0.0,0.0
Voher:Thore Hammer-HansenJosef Bojko,0.0,0.0
Voher:Thore Hammer-HansenMichal Abik,0.0,0.0
Voher:Tomas RomanAdam Florian,0.0,0.0
