horse_name,bisherige_starts,bisherige_siege,siegrate_historisch,race_date
A Countach,18.0,0.0,0.0,2026-01-04
A Countach,19.0,0.0,0.0,2026-03-22
A Countach,20.0,0.0,0.0,2026-04-18
A Countach,21.0,0.0,0.0,2026-04-26
A Countach,22.0,0.0,0.0,2026-05-10
A Countach,23.0,0.0,0.0,2026-05-24
A Stolen Kiss,1.0,0.0,0.0,2026-04-19
A Stolen Kiss,2.0,1.0,0.5,2026-04-25
A Stolen Kiss,3.0,1.0,0.3333,2026-05-10
A Stolen Kiss,4.0,1.0,0.25,2026-05-23
A Stolen Kiss,5.0,1.0,0.2,2026-06-06
A'Ali The Sun,0.0,0.0,0.0,2026-05-23
Abachi,2.0,1.0,0.5,2026-05-01
Abacus,0.0,0.0,0.0,2026-04-19
Abacus,1.0,0.0,0.0,2026-06-07
Abana,1.0,0.0,0.0,2026-01-18
Abana,2.0,0.0,0.0,2026-04-06
Abba'S Anton,0.0,0.0,0.0,2026-04-25
Abba's Anton,8.0,0.0,0.0,2026-03-29
Abba's Anton,9.0,0.0,0.0,2026-04-12
Abba's Anton,10.0,0.0,0.0,2026-05-23
Abba's Anton,11.0,0.0,0.0,2026-06-07
Abdulhamid,3.0,0.0,0.0,2026-05-25
Abdulhamid,4.0,0.0,0.0,2026-05-31
Absacker,0.0,0.0,0.0,2026-05-01
Absacker,1.0,0.0,0.0,2026-06-04
Ace Of Spades,0.0,0.0,0.0,2026-04-12
Ace Of Spades,1.0,0.0,0.0,2026-04-25
Ace Of Spades,2.0,0.0,0.0,2026-06-04
Adar,6.0,0.0,0.0,2026-04-19
Adar,7.0,0.0,0.0,2026-05-09
Adar,8.0,0.0,0.0,2026-05-25
Adelaide,12.0,1.0,0.0833,2026-05-01
Adelaide,13.0,1.0,0.0769,2026-05-16
Adelaide,14.0,1.0,0.0714,2026-06-04
Adina,7.0,0.0,0.0,2026-04-26
Adina,8.0,0.0,0.0,2026-06-06
Adio,11.0,3.0,0.2727,2026-05-01
Adio,12.0,3.0,0.25,2026-05-25
Adios Amor,7.0,0.0,0.0,2026-05-01
Adios Amor,8.0,1.0,0.125,2026-05-23
Adios Amor,9.0,1.0,0.1111,2026-06-06
Adjo,0.0,0.0,0.0,2026-03-22
Adjo,1.0,0.0,0.0,2026-05-17
Adjo,2.0,0.0,0.0,2026-05-31
Adjö,15.0,1.0,0.0667,2026-01-18
Adjö,16.0,1.0,0.0625,2026-02-22
Aegis Power,14.0,2.0,0.1429,2026-03-22
Aegis Power,15.0,2.0,0.1333,2026-04-06
Aegis Power,16.0,2.0,0.125,2026-04-26
Aegis Power,17.0,2.0,0.1176,2026-05-09
Aegis Power,18.0,2.0,0.1111,2026-05-25
Aff Un Zo,0.0,0.0,0.0,2026-03-28
Aff Un Zo,1.0,0.0,0.0,2026-04-12
Aff Un Zo,2.0,0.0,0.0,2026-04-25
Aff Un Zo,3.0,0.0,0.0,2026-05-31
Aff un zo,6.0,0.0,0.0,2026-02-01
After Time,8.0,0.0,0.0,2026-02-01
After Time,9.0,0.0,0.0,2026-05-14
Against All Odds,8.0,1.0,0.125,2026-04-05
Age Of Aquarius,0.0,0.0,0.0,2026-04-18
Age Of Aquarius,1.0,0.0,0.0,2026-05-17
Age Of Aquarius,2.0,0.0,0.0,2026-06-04
Ageless Lips,17.0,1.0,0.0588,2026-03-22
Ageless Lips,18.0,1.0,0.0556,2026-04-06
Ageless Lips,19.0,2.0,0.1053,2026-05-01
Ageless Lips,20.0,2.0,0.1,2026-05-17
Ageless Lips,21.0,3.0,0.1429,2026-06-06
Agent Sim,18.0,4.0,0.2222,2026-04-05
Agent Sim,19.0,4.0,0.2105,2026-05-01
Aggenstein,2.0,0.0,0.0,2026-04-19
Aggenstein,3.0,0.0,0.0,2026-05-01
Aglaia,7.0,2.0,0.2857,2026-05-14
Aglaia,8.0,2.0,0.25,2026-06-04
Aida,0.0,0.0,0.0,2026-04-25
Aida,1.0,0.0,0.0,2026-05-31
Aigle Vaillant,3.0,1.0,0.3333,2026-04-12
Ajandra,11.0,0.0,0.0,2026-02-01
Ajaxania,3.0,0.0,0.0,2026-05-01
Ajaxania,4.0,0.0,0.0,2026-05-25
Ajdar Al Gunay,0.0,0.0,0.0,2026-05-08
Ajdar Al Gunay,1.0,0.0,0.0,2026-05-25
Akira Yasha,0.0,0.0,0.0,2026-06-06
Akronym,0.0,0.0,0.0,2026-05-23
Aktivist,0.0,0.0,0.0,2026-03-29
Aktivist,1.0,0.0,0.0,2026-05-01
Aktivist,2.0,1.0,0.5,2026-05-25
Al Baarez,0.0,0.0,0.0,2026-04-26
Al Baarez,1.0,0.0,0.0,2026-05-09
Al Hitmi,22.0,3.0,0.1364,2026-03-22
Al Hitmi,23.0,3.0,0.1304,2026-05-08
Al Hitmi,24.0,3.0,0.125,2026-05-25
Al Hitmi,25.0,3.0,0.12,2026-06-07
Alaska Lady,9.0,0.0,0.0,2026-04-18
Alaska Lady,10.0,0.0,0.0,2026-05-10
Alatemagicbaby,15.0,0.0,0.0,2026-05-08
Albarola,6.0,0.0,0.0,2026-04-19
Albarola,7.0,0.0,0.0,2026-05-17
Albertina,5.0,0.0,0.0,2026-04-06
Albertina,6.0,0.0,0.0,2026-05-08
Albertina,7.0,0.0,0.0,2026-05-24
Aleja,19.0,5.0,0.2632,2026-04-05
Aleja,20.0,5.0,0.25,2026-05-01
Aleja,21.0,5.0,0.2381,2026-05-10
Aleja,22.0,5.0,0.2273,2026-05-24
Algabas,12.0,1.0,0.0833,2026-04-19
Algabas,13.0,1.0,0.0769,2026-05-01
Algabas,14.0,1.0,0.0714,2026-05-23
Ali,3.0,1.0,0.3333,2026-02-22
Ali,4.0,1.0,0.25,2026-05-08
Ali,5.0,1.0,0.2,2026-05-25
Ali,6.0,2.0,0.3333,2026-06-07
Alisto King,0.0,0.0,0.0,2026-03-28
Alisto King,1.0,0.0,0.0,2026-04-25
Alive Again,0.0,0.0,0.0,2026-05-10
All My Loving,21.0,2.0,0.0952,2026-01-04
All My Loving,22.0,2.0,0.0909,2026-01-18
All My Loving,23.0,2.0,0.087,2026-02-01
All My Loving,24.0,2.0,0.0833,2026-02-22
All My Loving,25.0,2.0,0.08,2026-03-08
All My Loving,26.0,2.0,0.0769,2026-04-25
All My Loving,27.0,2.0,0.0741,2026-05-09
All Square,0.0,0.0,0.0,2026-04-06
All Square,1.0,1.0,1.0,2026-05-09
All Square,2.0,1.0,0.5,2026-06-06
All Told,0.0,0.0,0.0,2026-02-01
All Told,1.0,0.0,0.0,2026-03-28
All Told,2.0,0.0,0.0,2026-05-08
All Told,3.0,0.0,0.0,2026-05-31
Alla Stella,0.0,0.0,0.0,2026-05-14
Alleno,7.0,2.0,0.2857,2026-04-06
Alleno,8.0,2.0,0.25,2026-05-08
Alleno,9.0,3.0,0.3333,2026-06-07
Allez Chandos,7.0,0.0,0.0,2026-01-04
Allez La Grise,2.0,0.0,0.0,2026-04-05
Allez La Grise,3.0,0.0,0.0,2026-05-01
Ally McMagic,15.0,3.0,0.2,2026-05-10
Ally McMagic,16.0,3.0,0.1875,2026-06-06
Alma Mater,0.0,0.0,0.0,2026-05-03
Almanda,0.0,0.0,0.0,2026-04-26
Almanda,1.0,0.0,0.0,2026-05-17
Almenkonig,0.0,0.0,0.0,2026-05-31
Almotlaa,14.0,2.0,0.1429,2026-01-18
Alonia,1.0,0.0,0.0,2026-04-06
Alonia,2.0,0.0,0.0,2026-04-26
Alpatacco,0.0,0.0,0.0,2026-05-09
Alpenjager,0.0,0.0,0.0,2026-05-01
Alpenjager,1.0,0.0,0.0,2026-05-25
Alpenveilchen,0.0,0.0,0.0,2026-05-03
Alpenveilchen,1.0,0.0,0.0,2026-05-25
Alsebaran,3.0,0.0,0.0,2026-03-29
Alsebaran,4.0,0.0,0.0,2026-04-12
Alsebaran,5.0,0.0,0.0,2026-05-08
Alsebaran,6.0,0.0,0.0,2026-06-04
Alsterjung,0.0,0.0,0.0,2026-04-25
Alsterperle,4.0,0.0,0.0,2026-04-25
Alsterperle,5.0,0.0,0.0,2026-05-24
Altyn Eye,0.0,0.0,0.0,2026-05-09
Alunis,2.0,0.0,0.0,2026-05-30
Amaranto,21.0,2.0,0.0952,2026-04-18
Amaranto,22.0,2.0,0.0909,2026-05-01
Amaranto,23.0,2.0,0.087,2026-05-30
Amazing Anna,7.0,0.0,0.0,2026-04-19
Amazing Anna,8.0,0.0,0.0,2026-05-01
Amazing Anna,9.0,0.0,0.0,2026-05-23
Amazing Anna,10.0,0.0,0.0,2026-06-04
Amazing Girl,1.0,0.0,0.0,2026-05-01
Amazing Girl,2.0,0.0,0.0,2026-05-25
Amazing Luna,14.0,1.0,0.0714,2026-03-29
Amazing Luna,15.0,1.0,0.0667,2026-04-19
Amazing Luna,16.0,1.0,0.0625,2026-05-01
Amazing Luna,17.0,1.0,0.0588,2026-05-23
Amazing Luna,18.0,1.0,0.0556,2026-06-07
Amazing Pace,0.0,0.0,0.0,2026-06-07
Ameriyah,2.0,0.0,0.0,2026-01-18
Ami De Vega,2.0,0.0,0.0,2026-06-07
Amico,3.0,1.0,0.3333,2026-06-06
Amy Van Lips,0.0,0.0,0.0,2026-05-10
Amy Van Lips,1.0,0.0,0.0,2026-05-25
Anastasia Von Aga,0.0,0.0,0.0,2026-04-05
Anastasia Von Aga,1.0,0.0,0.0,2026-04-18
Anastasia Von Aga,2.0,0.0,0.0,2026-05-01
Anastasia Von Aga,3.0,1.0,0.3333,2026-05-24
Anatara,5.0,1.0,0.2,2026-05-24
Animal Magnetism,20.0,0.0,0.0,2026-03-28
Animal Magnetism,21.0,0.0,0.0,2026-05-16
Animal Magnetism,22.0,0.0,0.0,2026-06-06
Anklang,1.0,0.0,0.0,2026-05-01
Anna De La Sol,8.0,0.0,0.0,2026-01-04
Anna De La Sol,9.0,0.0,0.0,2026-02-01
Anna De La Sol,10.0,0.0,0.0,2026-02-22
Anna De La Sol,11.0,0.0,0.0,2026-04-26
Anna De La Sol,12.0,0.0,0.0,2026-05-14
Anna De La Sol,13.0,0.0,0.0,2026-06-04
Anna Valentina,0.0,0.0,0.0,2026-05-30
Annavera,1.0,0.0,0.0,2026-05-03
Annavera,2.0,0.0,0.0,2026-05-25
Anonyma,0.0,0.0,0.0,2026-05-09
Anonyma,1.0,0.0,0.0,2026-05-30
Anspruch,5.0,2.0,0.4,2026-05-25
Anspruch,6.0,2.0,0.3333,2026-06-06
Antelope Riff,0.0,0.0,0.0,2026-05-10
Antelope Riff,1.0,0.0,0.0,2026-05-24
Antigua,0.0,0.0,0.0,2026-05-03
Antigua,1.0,1.0,1.0,2026-05-24
Anton Der Guetige,0.0,0.0,0.0,2026-06-06
Anton der Guetige,10.0,2.0,0.2,2026-01-04
Any Moon,2.0,1.0,0.5,2026-04-12
Any Moon,3.0,1.0,0.3333,2026-04-25
Any Moon,4.0,2.0,0.5,2026-05-25
Apitou,0.0,0.0,0.0,2026-05-23
Apocalyx,5.0,1.0,0.2,2026-04-25
Apocalyx,6.0,1.0,0.1667,2026-05-09
Apocalyx,7.0,1.0,0.1429,2026-05-31
Apocalyx,8.0,1.0,0.125,2026-06-07
Aquaman,2.0,1.0,0.5,2026-04-12
Arabia,0.0,0.0,0.0,2026-05-01
Arabia,1.0,0.0,0.0,2026-05-31
Arabico,5.0,1.0,0.2,2026-04-19
Arabico,6.0,1.0,0.1667,2026-05-25
Aral,10.0,1.0,0.1,2026-01-18
Aral,11.0,2.0,0.1818,2026-02-01
Aral,12.0,2.0,0.1667,2026-03-08
Aral,13.0,2.0,0.1538,2026-04-05
Aral,14.0,2.0,0.1429,2026-05-01
Arames,3.0,0.0,0.0,2026-01-04
Arames,4.0,0.0,0.0,2026-03-08
Arames,5.0,0.0,0.0,2026-04-18
Arames,6.0,1.0,0.1667,2026-05-01
Arames,7.0,1.0,0.1429,2026-05-24
Arames,8.0,2.0,0.25,2026-05-30
Aramis Al Gunay,0.0,0.0,0.0,2026-04-26
Aramis Al Gunay,1.0,0.0,0.0,2026-05-10
Arborea,0.0,0.0,0.0,2026-05-01
Arborea,1.0,1.0,1.0,2026-05-31
Archie,4.0,2.0,0.5,2026-04-19
Archie,5.0,3.0,0.6,2026-05-25
Arctica Spirit,6.0,1.0,0.1667,2026-03-28
Arctica Spirit,7.0,1.0,0.1429,2026-04-25
Arctica Spirit,8.0,1.0,0.125,2026-05-16
Arctica Spirit,9.0,1.0,0.1111,2026-05-31
Ardazita,8.0,1.0,0.125,2026-02-01
Arfan,2.0,0.0,0.0,2026-03-28
Arnis Master,2.0,0.0,0.0,2026-05-25
Artistic Mission,19.0,2.0,0.1053,2026-01-04
Artistic Mission,20.0,3.0,0.15,2026-01-18
Artistic Mission,21.0,4.0,0.1905,2026-02-22
Artistic Mission,22.0,5.0,0.2273,2026-03-08
Artistic Mission,23.0,6.0,0.2609,2026-04-26
Artistic Mission,24.0,6.0,0.25,2026-05-14
Artistic Mission,25.0,6.0,0.24,2026-06-04
Artistic Mission,26.0,6.0,0.2308,2026-06-07
Arturo,21.0,2.0,0.0952,2026-04-19
Arturo,22.0,2.0,0.0909,2026-05-23
Arturo,23.0,2.0,0.087,2026-06-04
Arturo,24.0,2.0,0.0833,2026-06-07
Arzys,4.0,1.0,0.25,2026-01-18
Arzys,5.0,1.0,0.2,2026-03-29
Arzys,6.0,1.0,0.1667,2026-05-08
Arzys,7.0,1.0,0.1429,2026-05-14
Arzys,8.0,1.0,0.125,2026-06-04
Asa Norte,0.0,0.0,0.0,2026-05-10
Asaaleeb,22.0,5.0,0.2273,2026-01-04
Asaaleeb,23.0,5.0,0.2174,2026-01-18
Asaaleeb,24.0,5.0,0.2083,2026-02-01
Asaaleeb,25.0,5.0,0.2,2026-03-08
Asaaleeb,26.0,5.0,0.1923,2026-03-29
Asaaleeb,27.0,5.0,0.1852,2026-04-25
Asaaleeb,28.0,5.0,0.1786,2026-05-10
Ashianas King,4.0,1.0,0.25,2026-03-28
Ashianas King,5.0,1.0,0.2,2026-05-14
Ashianas King,6.0,1.0,0.1667,2026-05-31
Askalon,0.0,0.0,0.0,2026-05-01
Askalon,1.0,0.0,0.0,2026-05-24
Asker,2.0,1.0,0.5,2026-03-22
Asker,3.0,1.0,0.3333,2026-04-26
Asker,4.0,2.0,0.5,2026-05-25
Aspen Belle,4.0,0.0,0.0,2026-04-19
Aster,12.0,3.0,0.25,2026-04-05
Aster,13.0,4.0,0.3077,2026-06-04
Asterix,13.0,2.0,0.1538,2026-05-10
Atlantic Seaboard,0.0,0.0,0.0,2026-04-05
Atlantic Seaboard,1.0,0.0,0.0,2026-05-01
Atoso,12.0,1.0,0.0833,2026-04-05
Atoso,13.0,1.0,0.0769,2026-06-07
Attention Rocket,12.0,1.0,0.0833,2026-05-17
Attention Rocket,13.0,1.0,0.0769,2026-06-07
Aurum,0.0,0.0,0.0,2026-05-01
Aurum Sky,17.0,4.0,0.2353,2026-01-04
Avanti Avana,12.0,0.0,0.0,2026-01-04
Aventura,4.0,0.0,0.0,2026-04-05
Aventura,5.0,0.0,0.0,2026-04-18
Aventura,6.0,0.0,0.0,2026-05-10
Ayada,6.0,1.0,0.1667,2026-04-05
Ayada,7.0,1.0,0.1429,2026-06-04
Ayres,2.0,0.0,0.0,2026-05-23
Ayres,3.0,0.0,0.0,2026-06-04
Azamastam,15.0,0.0,0.0,2026-02-01
Bacarda,8.0,2.0,0.25,2026-05-01
Bacarda,9.0,2.0,0.2222,2026-06-07
Backes,17.0,2.0,0.1176,2026-05-01
Backes,18.0,3.0,0.1667,2026-06-06
Bagello,4.0,0.0,0.0,2026-03-29
Bandida Estrellita,2.0,0.0,0.0,2026-05-23
Banshie,0.0,0.0,0.0,2026-04-26
Bavarian Princess,16.0,3.0,0.1875,2026-05-24
Beautiful Dawn,0.0,0.0,0.0,2026-01-04
Beautiful Dawn,1.0,0.0,0.0,2026-02-01
Beautiful Dawn,2.0,0.0,0.0,2026-05-14
Beautiful World,0.0,0.0,0.0,2026-05-01
Beautiful World,1.0,0.0,0.0,2026-05-25
Behruz,3.0,0.0,0.0,2026-04-19
Behruz,4.0,0.0,0.0,2026-05-31
Believe In Me,0.0,0.0,0.0,2026-04-25
Believe In Me,1.0,0.0,0.0,2026-05-24
Bella Sheila,2.0,0.0,0.0,2026-03-29
Bella Sheila,3.0,0.0,0.0,2026-04-19
Bella Sheila,4.0,0.0,0.0,2026-05-10
Bella Sinfonia,3.0,1.0,0.3333,2026-04-05
Bella Sinfonia,4.0,1.0,0.25,2026-05-14
Bellarose,3.0,0.0,0.0,2026-06-07
Bellino,15.0,1.0,0.0667,2026-01-18
Bellino,16.0,1.0,0.0625,2026-02-01
Bellino,17.0,1.0,0.0588,2026-02-22
Bellino,18.0,1.0,0.0556,2026-03-08
Bellino,19.0,1.0,0.0526,2026-03-29
Berrygate,2.0,0.0,0.0,2026-01-18
Berrygate,3.0,0.0,0.0,2026-02-01
Berrygate,4.0,0.0,0.0,2026-02-22
Berrygate,5.0,0.0,0.0,2026-03-08
Berrygate,6.0,0.0,0.0,2026-03-29
Berrygate,7.0,0.0,0.0,2026-04-26
Best Lightning,13.0,3.0,0.2308,2026-03-29
Best Lightning,14.0,4.0,0.2857,2026-04-12
Betty Ellen,1.0,0.0,0.0,2026-05-01
Betty Ellen,2.0,0.0,0.0,2026-05-24
Bi Bop,12.0,0.0,0.0,2026-04-19
Bi Bop,13.0,0.0,0.0,2026-05-23
Big Jack,1.0,0.0,0.0,2026-01-04
Big Jack,2.0,0.0,0.0,2026-05-30
Big Secret,14.0,5.0,0.3571,2026-05-01
Big Secret,15.0,5.0,0.3333,2026-05-25
Birnbaum Warrior,0.0,0.0,0.0,2026-05-03
Birnbaum Warrior,1.0,0.0,0.0,2026-05-25
Birthday Paradise,12.0,0.0,0.0,2026-03-08
Birthday Paradise,13.0,0.0,0.0,2026-05-14
Birthday Paradise,14.0,0.0,0.0,2026-06-06
Black Phantom,6.0,3.0,0.5,2026-04-06
Black Phantom,7.0,3.0,0.4286,2026-05-08
Black Phantom,8.0,3.0,0.375,2026-06-07
Blaze Of Glory,0.0,0.0,0.0,2026-05-25
Blitzding,2.0,0.0,0.0,2026-05-23
Blitzding,3.0,0.0,0.0,2026-06-04
Blue Ghost,1.0,0.0,0.0,2026-04-18
Blue Japan,0.0,0.0,0.0,2026-05-09
Blue Japan,1.0,0.0,0.0,2026-05-25
Blue Lips,3.0,2.0,0.6667,2026-04-06
Blue Lips,4.0,2.0,0.5,2026-05-01
Blue Lips,5.0,2.0,0.4,2026-05-31
Blue Martini,0.0,0.0,0.0,2026-05-16
Blue Ocean Dream,16.0,2.0,0.125,2026-04-26
Boherna Vista,6.0,0.0,0.0,2026-03-22
Boherna Vista,7.0,0.0,0.0,2026-03-29
Boherna Vista,8.0,0.0,0.0,2026-04-26
Boherna Vista,9.0,0.0,0.0,2026-05-09
Boherna Vista,10.0,0.0,0.0,2026-05-24
Boherna Vista,11.0,0.0,0.0,2026-06-06
Bombardino,21.0,0.0,0.0,2026-01-04
Bombardino,22.0,0.0,0.0,2026-05-01
Bombardino,23.0,0.0,0.0,2026-05-09
Bombardino,24.0,0.0,0.0,2026-05-30
Borcano,0.0,0.0,0.0,2026-05-25
Bowerchalke,0.0,0.0,0.0,2026-05-01
Boy Scout,5.0,0.0,0.0,2026-04-19
Boy Scout,6.0,0.0,0.0,2026-05-09
Boy Scout,7.0,0.0,0.0,2026-05-30
Brakeman,0.0,0.0,0.0,2026-04-26
Brakeman,1.0,1.0,1.0,2026-05-09
Brave Lion,0.0,0.0,0.0,2026-05-09
Brave Lion,1.0,0.0,0.0,2026-06-07
Braveheart,0.0,0.0,0.0,2026-05-09
Braveheart,1.0,0.0,0.0,2026-05-25
Bu Keqi,0.0,0.0,0.0,2026-05-09
Bu Keqi,1.0,0.0,0.0,2026-05-30
Buckleupbuttercup,0.0,0.0,0.0,2026-05-10
Buckleupbuttercup,1.0,0.0,0.0,2026-05-23
Bustopher Jones,7.0,1.0,0.1429,2026-01-04
Butter Road,4.0,0.0,0.0,2026-03-29
Butter Road,5.0,0.0,0.0,2026-04-26
Butter Road,6.0,0.0,0.0,2026-05-31
Cabot Cliffs,5.0,2.0,0.4,2026-05-14
Cahaya,4.0,0.0,0.0,2026-04-05
Cahaya,5.0,0.0,0.0,2026-05-01
Calamour,0.0,0.0,0.0,2026-04-19
Camarque,0.0,0.0,0.0,2026-05-23
Camarque,1.0,0.0,0.0,2026-06-04
Cardea,1.0,0.0,0.0,2026-05-17
Carlton Banks,16.0,1.0,0.0625,2026-05-08
Carlton Banks,17.0,1.0,0.0588,2026-05-31
Casall,18.0,3.0,0.1667,2026-02-22
Casall,19.0,3.0,0.1579,2026-04-06
Casall,20.0,3.0,0.15,2026-06-07
Catherine La Mer,0.0,0.0,0.0,2026-06-07
Caudry,0.0,0.0,0.0,2026-05-31
Celebrity Icon,3.0,0.0,0.0,2026-01-04
Celebrity Icon,4.0,0.0,0.0,2026-05-31
Celestial Star,5.0,1.0,0.2,2026-05-09
Centrical,0.0,0.0,0.0,2026-06-06
Chanel Gold,0.0,0.0,0.0,2026-05-16
Chapelhillhart,0.0,0.0,0.0,2026-05-09
Chapelhillhart,1.0,0.0,0.0,2026-05-25
Chapelhillhart,2.0,0.0,0.0,2026-06-07
Charleston,0.0,0.0,0.0,2026-03-22
Charleston,1.0,0.0,0.0,2026-04-26
Charleston,2.0,0.0,0.0,2026-05-24
Charlie Brown,20.0,1.0,0.05,2026-03-29
Charlie Brown,21.0,1.0,0.0476,2026-04-25
Charlie Brown,22.0,2.0,0.0909,2026-06-06
Charlotte's Luck,0.0,0.0,0.0,2026-01-18
Charming Lady,17.0,0.0,0.0,2026-01-04
Charming Lady,18.0,0.0,0.0,2026-01-18
Charming Lady,19.0,1.0,0.0526,2026-02-01
Charming Lady,20.0,1.0,0.05,2026-04-18
Charming Lady,21.0,2.0,0.0952,2026-05-09
Charming Lady,22.0,2.0,0.0909,2026-05-25
Chiefland,0.0,0.0,0.0,2026-04-12
Chiefland,1.0,0.0,0.0,2026-05-31
Chilada,0.0,0.0,0.0,2026-05-01
Chili Valentino,22.0,1.0,0.0455,2026-04-26
Chili Valentino,23.0,1.0,0.0435,2026-05-09
Chili Valentino,24.0,1.0,0.0417,2026-05-31
Chista,0.0,0.0,0.0,2026-05-14
Chista,1.0,0.0,0.0,2026-05-25
Cintaria,3.0,0.0,0.0,2026-03-22
Cintaria,4.0,0.0,0.0,2026-04-06
Cintaria,5.0,0.0,0.0,2026-05-09
City Cat,14.0,0.0,0.0,2026-02-22
City Cat,15.0,1.0,0.0667,2026-03-08
City of Troy,5.0,0.0,0.0,2026-01-18
City of Troy,6.0,0.0,0.0,2026-02-22
Cladonia,0.0,0.0,0.0,2026-05-01
Cladonia,1.0,0.0,0.0,2026-05-31
Claim The Stars,0.0,0.0,0.0,2026-05-25
Classic Fleur,13.0,2.0,0.1538,2026-05-17
Classic Fleur,14.0,2.0,0.1429,2026-05-30
Cleopatra Al Gunay,1.0,0.0,0.0,2026-04-19
Coco Soleil,2.0,0.0,0.0,2026-05-01
Cold Heart,4.0,0.0,0.0,2026-04-06
Cold Heart,5.0,0.0,0.0,2026-05-25
Coletta,6.0,0.0,0.0,2026-04-19
Coletta,7.0,1.0,0.1429,2026-05-23
Coletta,8.0,1.0,0.125,2026-06-07
Comedy La Vega,24.0,3.0,0.125,2026-03-08
Comedy La Vega,25.0,3.0,0.12,2026-03-28
Commander'S Intent,0.0,0.0,0.0,2026-04-26
Company Keeping,21.0,8.0,0.381,2026-04-18
Company Keeping,22.0,8.0,0.3636,2026-05-01
Company Keeping,23.0,8.0,0.3478,2026-05-10
Company Keeping,24.0,8.0,0.3333,2026-05-14
Company Keeping,25.0,8.0,0.32,2026-05-25
Company Keeping,26.0,8.0,0.3077,2026-06-04
Corbin,14.0,1.0,0.0714,2026-05-24
Coriolan,22.0,2.0,0.0909,2026-01-04
Coriolan,23.0,2.0,0.087,2026-01-18
Coriolan,24.0,2.0,0.0833,2026-02-22
Coriolan,25.0,2.0,0.08,2026-03-08
Coriolan,26.0,3.0,0.1154,2026-04-06
Coriolan,27.0,3.0,0.1111,2026-05-01
Coriolan,28.0,4.0,0.1429,2026-05-30
Cortado,4.0,0.0,0.0,2026-05-08
Crefelder,11.0,2.0,0.1818,2026-03-08
Crefelder,12.0,2.0,0.1667,2026-03-29
Crefelder,13.0,3.0,0.2308,2026-04-25
Crefelder,14.0,3.0,0.2143,2026-05-31
Crocus,14.0,3.0,0.2143,2026-04-25
Crocus,15.0,3.0,0.2,2026-05-14
Crocus,16.0,3.0,0.1875,2026-05-25
Cuban Lynx,7.0,2.0,0.2857,2026-05-16
Cuban Lynx,8.0,2.0,0.25,2026-05-31
Cuban Lynx,9.0,2.0,0.2222,2026-06-07
Cyanea,7.0,1.0,0.1429,2026-04-19
Cyanea,8.0,1.0,0.125,2026-05-23
Daddy's Heart,5.0,0.0,0.0,2026-03-28
Daddy's Heart,6.0,0.0,0.0,2026-05-16
Daddy's Heart,7.0,0.0,0.0,2026-06-07
Dalisha,0.0,0.0,0.0,2026-05-25
Dallas,0.0,0.0,0.0,2026-05-25
Dalyan,1.0,0.0,0.0,2026-04-12
Damara,3.0,0.0,0.0,2026-04-12
Damara,4.0,0.0,0.0,2026-04-26
Dana Delight,15.0,3.0,0.2,2026-05-09
Dana Delight,16.0,4.0,0.25,2026-06-07
Dancing Lips,0.0,0.0,0.0,2026-05-24
Dangerous Darling,7.0,0.0,0.0,2026-01-04
Dangerous Darling,8.0,0.0,0.0,2026-01-18
Dangerous Darling,9.0,0.0,0.0,2026-02-01
Dangerous Darling,10.0,0.0,0.0,2026-03-08
Dangerous Darling,11.0,0.0,0.0,2026-04-25
Dangerous Darling,12.0,0.0,0.0,2026-05-25
Danylov,3.0,1.0,0.3333,2026-05-09
Danylov,4.0,2.0,0.5,2026-06-04
Dardanos,2.0,0.0,0.0,2026-05-14
Dark Brunette,1.0,0.0,0.0,2026-05-09
Dark Brunette,2.0,0.0,0.0,2026-06-04
Darling Jay,18.0,3.0,0.1667,2026-01-18
Darling Jay,19.0,3.0,0.1579,2026-02-01
Darling Jay,20.0,3.0,0.15,2026-03-08
Darling Jay,21.0,3.0,0.1429,2026-03-29
Darling Jay,22.0,3.0,0.1364,2026-04-12
Darling Jay,23.0,3.0,0.1304,2026-04-26
Darling Jay,24.0,4.0,0.1667,2026-05-16
Darwinist,0.0,0.0,0.0,2026-05-01
Dastan,0.0,0.0,0.0,2026-04-19
Dayana Al Gunay,3.0,0.0,0.0,2026-05-10
Dayana Al Gunay,4.0,0.0,0.0,2026-05-31
Dayyan,0.0,0.0,0.0,2026-02-22
Dayyan,1.0,0.0,0.0,2026-04-26
Dayyan,2.0,0.0,0.0,2026-05-17
Dayyan,3.0,0.0,0.0,2026-06-07
Deep Love,6.0,1.0,0.1667,2026-06-07
Delgardo,8.0,3.0,0.375,2026-04-05
Delgardo,9.0,3.0,0.3333,2026-06-07
Delighted,3.0,0.0,0.0,2026-04-12
Delighted,4.0,0.0,0.0,2026-05-08
Delire D'Amour,0.0,0.0,0.0,2026-06-07
Desika,2.0,1.0,0.5,2026-05-09
Diamond Gold,13.0,1.0,0.0769,2026-03-28
Diamond Gold,14.0,1.0,0.0714,2026-05-16
Diamond Gold,15.0,1.0,0.0667,2026-06-06
Diamond Spirit,1.0,0.0,0.0,2026-02-01
Diamond Spirit,2.0,0.0,0.0,2026-03-28
Diamond Spirit,3.0,0.0,0.0,2026-05-08
Diamond Spirit,4.0,0.0,0.0,2026-06-06
Dickson,7.0,2.0,0.2857,2026-03-22
Dickson,8.0,2.0,0.25,2026-06-04
Diego De La Vega,0.0,0.0,0.0,2026-06-04
Ding Dong,7.0,0.0,0.0,2026-04-06
Ding Dong,8.0,0.0,0.0,2026-04-25
Ding Dong,9.0,0.0,0.0,2026-05-16
Ding Dong,10.0,0.0,0.0,2026-06-06
Dino,0.0,0.0,0.0,2026-04-06
Dino,1.0,0.0,0.0,2026-05-01
Dio Del Vento,2.0,0.0,0.0,2026-04-19
Dirvana,2.0,0.0,0.0,2026-05-16
Distor,6.0,1.0,0.1667,2026-05-08
Distor,7.0,1.0,0.1429,2026-05-25
Distor,8.0,1.0,0.125,2026-06-07
Divia,0.0,0.0,0.0,2026-04-26
Divia,1.0,0.0,0.0,2026-05-09
Divia,2.0,0.0,0.0,2026-05-31
Djariya,14.0,1.0,0.0714,2026-05-01
Djariya,15.0,1.0,0.0667,2026-05-23
Djariya,16.0,2.0,0.125,2026-06-07
Dolcevida,5.0,1.0,0.2,2026-04-19
Dolcevida,6.0,2.0,0.3333,2026-06-06
Dom Bosco,3.0,0.0,0.0,2026-04-06
Dom Bosco,4.0,0.0,0.0,2026-05-25
Domador,5.0,0.0,0.0,2026-05-01
Domador,6.0,0.0,0.0,2026-06-04
Done Deal,0.0,0.0,0.0,2026-05-25
Done Decision,16.0,5.0,0.3125,2026-04-25
Done Decision,17.0,5.0,0.2941,2026-05-25
Dorazio,6.0,0.0,0.0,2026-04-06
Dorazio,7.0,0.0,0.0,2026-05-14
Dorazio,8.0,0.0,0.0,2026-05-31
Dorli,0.0,0.0,0.0,2026-05-01
Doro,10.0,1.0,0.1,2026-03-28
Dortmunder,21.0,1.0,0.0476,2026-02-22
Dortmunder,22.0,1.0,0.0455,2026-03-22
Dortmunder,23.0,1.0,0.0435,2026-04-06
Dortmunder,24.0,1.0,0.0417,2026-05-08
Dortmunder,25.0,1.0,0.04,2026-05-17
Dortmunder,26.0,1.0,0.0385,2026-06-04
Dozdan,14.0,1.0,0.0714,2026-01-18
Dozdan,15.0,1.0,0.0667,2026-02-01
Dozdan,16.0,1.0,0.0625,2026-03-08
Dragon Magic,4.0,3.0,0.75,2026-05-01
Dragoon Of Lips,0.0,0.0,0.0,2026-05-10
Dragoon Of Lips,1.0,0.0,0.0,2026-05-24
Draufgänger,0.0,0.0,0.0,2026-05-01
Draufgänger,1.0,0.0,0.0,2026-05-25
Dream Seeker,5.0,1.0,0.2,2026-04-06
Dream Seeker,6.0,1.0,0.1667,2026-04-26
Ducksflytogether,0.0,0.0,0.0,2026-01-18
Ducksflytogether,1.0,0.0,0.0,2026-02-01
Due Course,0.0,0.0,0.0,2026-05-17
Dufour,0.0,0.0,0.0,2026-05-16
Dufour,1.0,0.0,0.0,2026-06-04
Duke Of Lips,0.0,0.0,0.0,2026-04-05
Duke Of Lips,1.0,0.0,0.0,2026-05-01
Duke of Lips,0.0,0.0,0.0,2026-05-30
Dune,0.0,0.0,0.0,2026-05-14
Duonna Lupa,0.0,0.0,0.0,2026-05-09
Duonna Lupa,1.0,0.0,0.0,2026-05-25
Dux,0.0,0.0,0.0,2026-03-22
Dynamit,3.0,0.0,0.0,2026-05-16
Düx,11.0,0.0,0.0,2026-01-04
Earl Of Lips,0.0,0.0,0.0,2026-04-05
Earl Of Lips,1.0,0.0,0.0,2026-05-01
Earl Of Lips,2.0,1.0,0.5,2026-05-31
Early Spirit,7.0,3.0,0.4286,2026-05-09
Early Spirit,8.0,3.0,0.375,2026-05-24
Early Spirit,9.0,3.0,0.3333,2026-06-07
Edergole's Angel,0.0,0.0,0.0,2026-05-14
Edlington,1.0,0.0,0.0,2026-05-01
Edlington,2.0,0.0,0.0,2026-05-25
Eighth Army,2.0,0.0,0.0,2026-04-25
Eighth Army,3.0,0.0,0.0,2026-06-04
El Eternity,0.0,0.0,0.0,2026-03-29
Electric Rose,0.0,0.0,0.0,2026-05-17
Elegant Motivation,0.0,0.0,0.0,2026-05-03
Elegant Motivation,1.0,0.0,0.0,2026-05-25
Eliot,1.0,0.0,0.0,2026-05-16
Elle La Vitesse,5.0,0.0,0.0,2026-06-04
Elli Pirelli,3.0,1.0,0.3333,2026-05-01
Elli Pirelli,4.0,2.0,0.5,2026-05-25
Elmo,1.0,0.0,0.0,2026-04-06
Elmo,2.0,0.0,0.0,2026-05-03
Embargo,3.0,0.0,0.0,2026-05-23
Emilio,20.0,1.0,0.05,2026-04-18
Emilio,21.0,1.0,0.0476,2026-05-01
Emilio,22.0,1.0,0.0455,2026-05-24
Emilio,23.0,1.0,0.0435,2026-05-30
Emjaytwentythree,9.0,2.0,0.2222,2026-01-18
Emjaytwentythree,10.0,2.0,0.2,2026-04-26
Emjaytwentythree,11.0,2.0,0.1818,2026-05-17
Emjaytwentythree,12.0,2.0,0.1667,2026-05-25
Emmeci,16.0,3.0,0.1875,2026-01-18
Emmeci,17.0,3.0,0.1765,2026-03-08
Emmeci,18.0,3.0,0.1667,2026-03-22
Emmeci,19.0,3.0,0.1579,2026-05-14
Emmeci,20.0,3.0,0.15,2026-06-07
Emotion,10.0,2.0,0.2,2026-05-10
Endorphin,1.0,0.0,0.0,2026-05-01
Endorphin,2.0,0.0,0.0,2026-05-16
Endorphin,3.0,0.0,0.0,2026-06-04
Enea,0.0,0.0,0.0,2026-05-10
Energy Dragon,9.0,3.0,0.3333,2026-01-04
Energy Dragon,10.0,3.0,0.3,2026-02-01
Energy Dragon,11.0,3.0,0.2727,2026-02-22
Energy Dragon,12.0,3.0,0.25,2026-03-08
Energy Dragon,13.0,3.0,0.2308,2026-03-22
Energy Dragon,14.0,3.0,0.2143,2026-05-08
Englishman,0.0,0.0,0.0,2026-05-09
Enzian,3.0,1.0,0.3333,2026-04-06
Enzian,4.0,1.0,0.25,2026-05-08
Epicurian Lad,0.0,0.0,0.0,2026-03-29
Epicurian Lad,1.0,0.0,0.0,2026-04-12
Epicurian Lad,2.0,0.0,0.0,2026-04-26
Epicurian Lad,3.0,0.0,0.0,2026-05-09
Epicurian Lad,4.0,0.0,0.0,2026-05-31
Erling,3.0,0.0,0.0,2026-06-06
Erol,0.0,0.0,0.0,2026-03-08
Erol,1.0,0.0,0.0,2026-03-28
Espero,11.0,4.0,0.3636,2026-04-06
Espero,12.0,4.0,0.3333,2026-05-01
Fairy Grey,7.0,1.0,0.1429,2026-04-26
Fairy Grey,8.0,1.0,0.125,2026-05-09
Fairy Grey,9.0,2.0,0.2222,2026-05-25
Faith Of Empires,0.0,0.0,0.0,2026-04-18
Faith Of Empires,1.0,0.0,0.0,2026-05-01
Faith Of Empires,2.0,0.0,0.0,2026-05-31
Faith of Empires,0.0,0.0,0.0,2026-01-18
Faith of Empires,1.0,0.0,0.0,2026-02-01
Faith of Empires,2.0,0.0,0.0,2026-02-22
Famosa Luna,0.0,0.0,0.0,2026-03-29
Famosa Luna,1.0,0.0,0.0,2026-04-26
Famosa Luna,2.0,0.0,0.0,2026-05-09
Famosa Luna,3.0,0.0,0.0,2026-05-25
Fast And Furious,0.0,0.0,0.0,2026-05-17
Fast And Furious,1.0,0.0,0.0,2026-06-04
Fast Angel,1.0,1.0,1.0,2026-04-06
Fast Angel,2.0,2.0,1.0,2026-04-25
Favorite Crime,18.0,2.0,0.1111,2026-04-06
Favorite Crime,19.0,2.0,0.1053,2026-04-26
Favorite Crime,20.0,2.0,0.1,2026-06-04
Favour,5.0,0.0,0.0,2026-05-16
Feuerwehrfelicitas,5.0,1.0,0.2,2026-04-05
Feuerwehrfelicitas,6.0,1.0,0.1667,2026-05-01
Feuerwehrfelicitas,7.0,1.0,0.1429,2026-05-25
Fine Bubbles,2.0,0.0,0.0,2026-03-29
Fine Bubbles,3.0,1.0,0.3333,2026-04-25
First Constitution,0.0,0.0,0.0,2026-04-25
First Lady,3.0,0.0,0.0,2026-03-28
First Lady,4.0,0.0,0.0,2026-05-16
Flatten The Curve,0.0,0.0,0.0,2026-04-05
Flavia Maxima,3.0,0.0,0.0,2026-06-07
Flow Of Earth,0.0,0.0,0.0,2026-05-01
Flying Sonya,12.0,3.0,0.25,2026-05-14
For Love,15.0,1.0,0.0667,2026-04-18
For Love,16.0,1.0,0.0625,2026-05-10
For Love,17.0,1.0,0.0588,2026-05-24
For Love,18.0,1.0,0.0556,2026-06-07
Four Seasons,0.0,0.0,0.0,2026-04-19
Four Seasons,1.0,0.0,0.0,2026-05-09
Four Seasons,2.0,0.0,0.0,2026-05-25
Francis Barca,0.0,0.0,0.0,2026-05-01
Franklin Al Gunay,2.0,0.0,0.0,2026-04-19
Freak,7.0,3.0,0.4286,2026-04-18
Freak,8.0,3.0,0.375,2026-05-25
Free Lips,12.0,3.0,0.25,2026-04-19
Free Lips,13.0,3.0,0.2308,2026-05-01
Free Lips,14.0,3.0,0.2143,2026-05-24
Freigeist,13.0,1.0,0.0769,2026-03-29
Freigeist,14.0,1.0,0.0714,2026-04-25
Freigeist,15.0,2.0,0.1333,2026-05-10
Freigeist,16.0,2.0,0.125,2026-06-06
French Fizz,15.0,0.0,0.0,2026-05-09
French Fizz,16.0,0.0,0.0,2026-05-30
Front End,3.0,1.0,0.3333,2026-03-29
Full Of Hope,0.0,0.0,0.0,2026-04-05
Full Of Hope,1.0,0.0,0.0,2026-04-18
Full Of Hope,2.0,0.0,0.0,2026-05-14
Full Of Hope,3.0,0.0,0.0,2026-06-04
Fumagalli,18.0,0.0,0.0,2026-03-22
Fumagalli,19.0,0.0,0.0,2026-04-26
Fumagalli,20.0,0.0,0.0,2026-06-07
Gaita,0.0,0.0,0.0,2026-05-14
Galactika Al Gunay,0.0,0.0,0.0,2026-05-25
Gardone,4.0,1.0,0.25,2026-02-01
Gardone,5.0,1.0,0.2,2026-03-29
Gardone,6.0,1.0,0.1667,2026-04-18
Garfield,4.0,1.0,0.25,2026-04-19
Garfield,5.0,2.0,0.4,2026-05-10
Garfield,6.0,2.0,0.3333,2026-05-25
Garvey,7.0,0.0,0.0,2026-05-09
Garvey,8.0,0.0,0.0,2026-06-07
Gegenwind,0.0,0.0,0.0,2026-04-05
Gem,15.0,3.0,0.2,2026-04-18
Gem,16.0,3.0,0.1875,2026-05-10
Gem,17.0,3.0,0.1765,2026-05-24
Gentle Bear,2.0,0.0,0.0,2026-03-29
Gentle Bear,3.0,0.0,0.0,2026-04-26
German Style,7.0,0.0,0.0,2026-05-24
Gesa,16.0,2.0,0.125,2026-01-18
Gesa,17.0,2.0,0.1176,2026-04-25
Gesa,18.0,2.0,0.1111,2026-05-14
Ginger Ale,6.0,0.0,0.0,2026-04-05
Ginger Ale,7.0,0.0,0.0,2026-04-18
Ginger Ale,8.0,0.0,0.0,2026-05-09
Ginger Ale,9.0,0.0,0.0,2026-05-30
Ginger Cat,0.0,0.0,0.0,2026-05-24
Giorgia,0.0,0.0,0.0,2026-05-03
Giorgia,1.0,0.0,0.0,2026-05-25
Go Flying,6.0,1.0,0.1667,2026-06-07
Go Girl Go,14.0,3.0,0.2143,2026-03-29
Go Girl Go,15.0,3.0,0.2,2026-05-01
Go Girl Go,16.0,3.0,0.1875,2026-06-07
Godstone,0.0,0.0,0.0,2026-04-25
Godstone,1.0,0.0,0.0,2026-05-14
Godstone,2.0,0.0,0.0,2026-06-06
Golden Brown,0.0,0.0,0.0,2026-06-06
Golden May,0.0,0.0,0.0,2026-03-28
Golden May,1.0,0.0,0.0,2026-04-19
Golden May,2.0,0.0,0.0,2026-05-16
Golden May,3.0,0.0,0.0,2026-06-06
Golden Time,5.0,0.0,0.0,2026-04-18
Golden Time,6.0,0.0,0.0,2026-05-01
Golden Time,7.0,0.0,0.0,2026-06-07
Gondina,12.0,1.0,0.0833,2026-05-10
Gondina,13.0,1.0,0.0769,2026-06-07
Gostam,2.0,2.0,1.0,2026-05-01
Grace De Vega,0.0,0.0,0.0,2026-04-18
Grace De Vega,1.0,1.0,1.0,2026-05-09
Graf Manama,3.0,0.0,0.0,2026-05-25
Grand Attentionne,0.0,0.0,0.0,2026-01-04
Grand Attentionne,1.0,0.0,0.0,2026-01-18
Grand Attentionne,2.0,0.0,0.0,2026-02-01
Grand Attentionne,3.0,1.0,0.3333,2026-02-22
Grand Attentionne,4.0,2.0,0.5,2026-03-22
Grande Gioia,0.0,0.0,0.0,2026-05-03
Grande Gioia,1.0,0.0,0.0,2026-05-25
Grande Gioia,2.0,0.0,0.0,2026-06-06
Grande Merci,0.0,0.0,0.0,2026-05-30
Green Gate,8.0,1.0,0.125,2026-01-04
Green Gate,9.0,1.0,0.1111,2026-02-01
Green Gate,10.0,1.0,0.1,2026-02-22
Grey Darling,12.0,0.0,0.0,2026-04-19
Grey Darling,13.0,0.0,0.0,2026-05-01
Grey Darling,14.0,1.0,0.0714,2026-05-23
Gua Lipa,0.0,0.0,0.0,2026-04-05
Gua Lipa,1.0,0.0,0.0,2026-05-24
Guevara,1.0,1.0,1.0,2026-04-12
Guevara,2.0,1.0,0.5,2026-05-01
Guevara,3.0,1.0,0.3333,2026-05-31
Hamilton,8.0,5.0,0.625,2026-02-01
Hamilton,9.0,5.0,0.5556,2026-03-08
Hamilton,10.0,5.0,0.5,2026-04-06
Hamilton,11.0,5.0,0.4545,2026-05-14
Happy Hour,0.0,0.0,0.0,2026-04-25
Happy Hour,1.0,0.0,0.0,2026-05-09
Happy Hour,2.0,0.0,0.0,2026-05-25
Happy Valentine,0.0,0.0,0.0,2026-05-25
Hara Kiri (H),0.0,0.0,0.0,2026-05-09
Havana Spirit,17.0,3.0,0.1765,2026-01-18
Havana Spirit,18.0,3.0,0.1667,2026-02-01
Havana Spirit,19.0,3.0,0.1579,2026-02-22
Havana Spirit,20.0,3.0,0.15,2026-03-08
Hazim,14.0,1.0,0.0714,2026-01-18
Heaven's On Fire,11.0,1.0,0.0909,2026-02-01
Hello Ella,17.0,2.0,0.1176,2026-05-01
Hello Ella,18.0,2.0,0.1111,2026-05-24
Hello Sweetheart,1.0,0.0,0.0,2026-03-29
Helvetios,1.0,0.0,0.0,2026-05-31
Herm,4.0,0.0,0.0,2026-02-01
Herm,5.0,0.0,0.0,2026-02-22
Hiddensee,4.0,0.0,0.0,2026-04-05
Hochkonig,0.0,0.0,0.0,2026-06-07
Hochkönig,5.0,1.0,0.2,2026-05-08
Hokusai,9.0,0.0,0.0,2026-01-04
Hokusai,10.0,0.0,0.0,2026-01-18
Hokusai,11.0,0.0,0.0,2026-02-01
Hokusai,12.0,0.0,0.0,2026-02-22
Hokusai,13.0,0.0,0.0,2026-03-08
Hokusai,14.0,0.0,0.0,2026-03-29
Hokusai,15.0,0.0,0.0,2026-04-26
Hokusai,16.0,1.0,0.0625,2026-05-10
Honour Whim,0.0,0.0,0.0,2026-04-12
Honour Whim,1.0,0.0,0.0,2026-04-25
Honour Whim,2.0,0.0,0.0,2026-05-09
Honour Whim,3.0,0.0,0.0,2026-05-17
Honour Whim,4.0,0.0,0.0,2026-05-31
Horwart,1.0,0.0,0.0,2026-04-25
Horwart,2.0,0.0,0.0,2026-05-25
I Believe In Lips,0.0,0.0,0.0,2026-05-10
Icatu,19.0,2.0,0.1053,2026-03-22
Icatu,20.0,2.0,0.1,2026-04-25
Ice Baby,7.0,1.0,0.1429,2026-05-25
Ice Max,0.0,0.0,0.0,2026-04-12
Illusion Van Lips,0.0,0.0,0.0,2026-05-24
Imaginary,13.0,0.0,0.0,2026-01-04
Imaginary,14.0,0.0,0.0,2026-01-18
Imaginary,15.0,0.0,0.0,2026-02-01
Imaginary,16.0,0.0,0.0,2026-04-18
Imaginary,17.0,0.0,0.0,2026-05-01
Imano,2.0,0.0,0.0,2026-02-22
Imano,3.0,0.0,0.0,2026-03-08
Imano,4.0,0.0,0.0,2026-05-09
Imaran,14.0,1.0,0.0714,2026-05-01
Imaran,15.0,1.0,0.0667,2026-06-04
Inci,12.0,0.0,0.0,2026-04-05
Inci,13.0,0.0,0.0,2026-05-01
Inci,14.0,0.0,0.0,2026-05-24
Indian Sunset,1.0,0.0,0.0,2026-06-06
Indifferente,0.0,0.0,0.0,2026-04-25
Indifferente,1.0,1.0,1.0,2026-05-31
Indigo Sun,0.0,0.0,0.0,2026-06-06
Innora,4.0,1.0,0.25,2026-05-01
Innora,5.0,1.0,0.2,2026-06-04
Invincible Royale,17.0,2.0,0.1176,2026-01-04
Invincible Royale,18.0,2.0,0.1111,2026-01-18
Invincible Royale,19.0,2.0,0.1053,2026-02-01
Invincible Royale,20.0,2.0,0.1,2026-02-22
Invincible Royale,21.0,2.0,0.0952,2026-03-08
Invincible Royale,22.0,3.0,0.1364,2026-03-22
Invincible Royale,23.0,3.0,0.1304,2026-04-05
Invincible Royale,24.0,3.0,0.125,2026-04-18
Invincible Royale,25.0,4.0,0.16,2026-04-26
Invincible Royale,26.0,4.0,0.1538,2026-05-01
Invincible Royale,27.0,4.0,0.1481,2026-05-23
Invincible Royale,28.0,5.0,0.1786,2026-06-04
Iram,13.0,2.0,0.1538,2026-05-01
Iram,14.0,2.0,0.1429,2026-05-25
Ireland Alexander,26.0,5.0,0.1923,2026-01-04
Ireland Alexander,27.0,5.0,0.1852,2026-01-18
Ireland Alexander,28.0,5.0,0.1786,2026-02-01
Ireland Alexander,29.0,6.0,0.2069,2026-03-08
Ireland Alexander,30.0,6.0,0.2,2026-04-12
Ireland Alexander,31.0,7.0,0.2258,2026-05-09
Ireland Alexander,32.0,7.0,0.2188,2026-06-04
Ironwoman,4.0,0.0,0.0,2026-05-10
Ironwoman,5.0,0.0,0.0,2026-05-24
Irukandji,0.0,0.0,0.0,2026-05-23
It's My Dream,10.0,1.0,0.1,2026-05-10
It's My Dream,11.0,1.0,0.0909,2026-05-24
J'Adore L'Or,2.0,2.0,1.0,2026-05-01
J'adore L'or,0.0,0.0,0.0,2026-05-25
Ja Ich Will,23.0,4.0,0.1739,2026-04-18
Ja Ich Will,24.0,4.0,0.1667,2026-05-01
Ja Ich Will,25.0,4.0,0.16,2026-05-25
Ja Ich Will,26.0,4.0,0.1538,2026-06-07
Jacquemontii,0.0,0.0,0.0,2026-05-01
Jacquemontii,1.0,0.0,0.0,2026-05-30
Jane Garfield,5.0,1.0,0.2,2026-03-08
Jir Sun,2.0,0.0,0.0,2026-05-10
Joline,9.0,0.0,0.0,2026-02-22
Joline,10.0,0.0,0.0,2026-06-07
Josy,0.0,0.0,0.0,2026-05-09
Juanita,11.0,1.0,0.0909,2026-03-22
Juanita,12.0,1.0,0.0833,2026-04-12
Juanita,13.0,1.0,0.0769,2026-05-09
July,2.0,0.0,0.0,2026-05-01
July,3.0,0.0,0.0,2026-05-09
Kacey Love,1.0,0.0,0.0,2026-04-18
Kacey Love,2.0,0.0,0.0,2026-05-09
Kalajana,18.0,2.0,0.1111,2026-01-18
Kalajana,19.0,2.0,0.1053,2026-02-01
Kalajana,20.0,2.0,0.1,2026-02-22
Kalajana,21.0,2.0,0.0952,2026-03-08
Kamino,4.0,1.0,0.25,2026-03-28
Kampfer,0.0,0.0,0.0,2026-04-05
Kampfer,1.0,0.0,0.0,2026-05-10
Kane Ore,11.0,2.0,0.1818,2026-04-25
Kane Ore,12.0,2.0,0.1667,2026-05-09
Kanzashi,9.0,3.0,0.3333,2026-05-16
Kanzler,0.0,0.0,0.0,2026-04-25
Kanzler,1.0,0.0,0.0,2026-05-14
Karlito,3.0,0.0,0.0,2026-05-16
Kauri,0.0,0.0,0.0,2026-01-04
Kaventsmann,0.0,0.0,0.0,2026-05-24
Kaviar,14.0,2.0,0.1429,2026-05-08
Kaviar,15.0,2.0,0.1333,2026-05-23
Kaviar,16.0,3.0,0.1875,2026-06-07
Keano,22.0,2.0,0.0909,2026-01-04
Keano,23.0,2.0,0.087,2026-01-18
Keano,24.0,2.0,0.0833,2026-02-01
Keano,25.0,2.0,0.08,2026-02-22
Keano,26.0,2.0,0.0769,2026-03-08
Keep Away,5.0,0.0,0.0,2026-04-26
Keep Away,6.0,0.0,0.0,2026-06-07
Keep Smiling,8.0,1.0,0.125,2026-04-25
Keep Smiling,9.0,1.0,0.1111,2026-05-25
Kelani,9.0,0.0,0.0,2026-04-19
Kelani,10.0,0.0,0.0,2026-05-01
Kelani,11.0,0.0,0.0,2026-05-23
Kelani,12.0,0.0,0.0,2026-06-04
Kelly's Sweetie,10.0,0.0,0.0,2026-05-01
Kelly's Sweetie,11.0,0.0,0.0,2026-05-14
Kelly's Sweetie,12.0,0.0,0.0,2026-05-30
Kendelya,0.0,0.0,0.0,2026-05-03
Khal Gino,0.0,0.0,0.0,2026-05-09
Khal Gino,1.0,0.0,0.0,2026-05-23
Killian,0.0,0.0,0.0,2026-06-06
Kilworth Kate,11.0,2.0,0.1818,2026-05-10
Kilworth Kate,12.0,3.0,0.25,2026-05-24
Kimali,0.0,0.0,0.0,2026-05-03
King Of Rome,0.0,0.0,0.0,2026-05-01
King Of The Night,0.0,0.0,0.0,2026-05-08
King Of The Night,1.0,0.0,0.0,2026-05-25
King Of The Night,2.0,0.0,0.0,2026-06-07
Kinnigoli Kid,10.0,2.0,0.2,2026-03-22
Kinnigoli Kid,11.0,3.0,0.2727,2026-04-25
Kinnigoli Kid,12.0,3.0,0.25,2026-05-08
Kinnigoli Kid,13.0,3.0,0.2308,2026-05-25
Kinnigoli Kid,14.0,3.0,0.2143,2026-06-06
Kisha,0.0,0.0,0.0,2026-05-25
Kiwi Midnight,0.0,0.0,0.0,2026-05-01
Klaudius,10.0,3.0,0.3,2026-06-06
Klein Blue,0.0,0.0,0.0,2026-04-25
Klein Blue,1.0,0.0,0.0,2026-05-17
Klein Blue,2.0,0.0,0.0,2026-06-04
Koffi Mercure,5.0,0.0,0.0,2026-05-09
Koffi Mercure,6.0,1.0,0.1667,2026-05-25
Koffi Vulcano,15.0,2.0,0.1333,2026-04-05
Koffi Vulcano,16.0,2.0,0.125,2026-04-18
Koffi Vulcano,17.0,2.0,0.1176,2026-05-10
Koffi Vulcano,18.0,2.0,0.1111,2026-05-24
Kolumban,5.0,0.0,0.0,2026-06-04
Konigin Marika,0.0,0.0,0.0,2026-04-25
Konigin Marika,1.0,0.0,0.0,2026-05-31
Kopenhagen,6.0,1.0,0.1667,2026-03-29
Kopenhagen,7.0,1.0,0.1429,2026-05-08
Kopenhagen,8.0,1.0,0.125,2026-05-25
Korfu,9.0,0.0,0.0,2026-01-18
Korfu,10.0,0.0,0.0,2026-02-01
Korfu,11.0,0.0,0.0,2026-02-22
Korfu,12.0,0.0,0.0,2026-03-28
Korfu,13.0,0.0,0.0,2026-05-16
Kosakenzipfel,2.0,0.0,0.0,2026-05-01
Kosakenzipfel,3.0,0.0,0.0,2026-05-25
Kölsche Bub,5.0,0.0,0.0,2026-01-04
Kölsche Bub,6.0,0.0,0.0,2026-01-18
Kölsche Bub,7.0,0.0,0.0,2026-02-01
Königin Karlia,1.0,0.0,0.0,2026-05-25
Königin Marika,6.0,1.0,0.1667,2026-04-06
Königin Marika,7.0,1.0,0.1429,2026-05-09
Königin Sturmwind,0.0,0.0,0.0,2026-05-25
La Boom,0.0,0.0,0.0,2026-05-01
La Coeur,0.0,0.0,0.0,2026-04-26
La Coeur,1.0,0.0,0.0,2026-05-31
La Compagne,0.0,0.0,0.0,2026-05-01
La Compagne,1.0,0.0,0.0,2026-05-25
La Fleur De Pierre,0.0,0.0,0.0,2026-05-25
La Spezia,1.0,0.0,0.0,2026-04-06
La Spezia,2.0,0.0,0.0,2026-05-03
La Spezia,3.0,0.0,0.0,2026-05-25
La Virginie,0.0,0.0,0.0,2026-04-05
La Virginie,1.0,0.0,0.0,2026-05-03
La vie c'est quoi,2.0,0.0,0.0,2026-02-01
Lada,0.0,0.0,0.0,2026-04-05
Lady Evi,0.0,0.0,0.0,2026-05-25
Lady Lovebug,6.0,0.0,0.0,2026-05-14
Lady Lovebug,7.0,0.0,0.0,2026-06-04
Lady Matilda,11.0,0.0,0.0,2026-04-26
Lady Matilda,12.0,0.0,0.0,2026-05-25
Lady Miller,13.0,1.0,0.0769,2026-05-01
Lady Miller,14.0,1.0,0.0714,2026-05-23
Lady Pretend,2.0,1.0,0.5,2026-04-05
Lady Pretend,3.0,1.0,0.3333,2026-04-18
Lady Pretend,4.0,1.0,0.25,2026-05-09
Lady Vivian,0.0,0.0,0.0,2026-06-04
Laetitia,0.0,0.0,0.0,2026-05-09
Laetitia,1.0,0.0,0.0,2026-06-07
Lamara,1.0,0.0,0.0,2026-04-26
Lamara,2.0,0.0,0.0,2026-05-30
Laminaria,7.0,0.0,0.0,2026-04-12
Lanciano Bello,3.0,0.0,0.0,2026-01-04
Lanciano Bello,4.0,0.0,0.0,2026-01-18
Lanciano Bello,5.0,0.0,0.0,2026-03-08
Lanciano Bello,6.0,0.0,0.0,2026-04-05
Lanciano Bello,7.0,1.0,0.1429,2026-05-01
Lanciano Bello,8.0,1.0,0.125,2026-05-25
Landolfo,0.0,0.0,0.0,2026-03-22
Lanzelot Gold,0.0,0.0,0.0,2026-06-07
Lashgarak,2.0,0.0,0.0,2026-01-18
Lashgarak,3.0,0.0,0.0,2026-02-22
Lashgarak,4.0,0.0,0.0,2026-03-08
Lashgarak,5.0,0.0,0.0,2026-06-06
Laterani,21.0,1.0,0.0476,2026-01-18
Laterani,22.0,1.0,0.0455,2026-03-22
Laterani,23.0,1.0,0.0435,2026-03-29
Latifah,0.0,0.0,0.0,2026-05-01
Launching Percy,8.0,0.0,0.0,2026-05-01
Launching Percy,9.0,0.0,0.0,2026-05-23
Laura's Legacy,6.0,1.0,0.1667,2026-05-16
Lazio,5.0,2.0,0.4,2026-04-05
Le Beau Rock,5.0,1.0,0.2,2026-03-28
Le Manhattan,0.0,0.0,0.0,2026-05-01
Le Manhattan,1.0,0.0,0.0,2026-05-24
Legalio,0.0,0.0,0.0,2026-05-30
Lenoir,1.0,0.0,0.0,2026-06-07
Leon,14.0,2.0,0.1429,2026-04-19
Leon,15.0,2.0,0.1333,2026-06-06
Let It Linger,1.0,0.0,0.0,2026-05-17
Letsgo,8.0,1.0,0.125,2026-05-09
Letsgo,9.0,1.0,0.1111,2026-05-30
Lex Luthor,18.0,1.0,0.0556,2026-01-04
Lex Luthor,19.0,1.0,0.0526,2026-01-18
Lex Luthor,20.0,1.0,0.05,2026-02-22
Lex Luthor,21.0,1.0,0.0476,2026-03-08
Lex Luthor,22.0,1.0,0.0455,2026-05-16
Lichtstern,0.0,0.0,0.0,2026-06-07
Lifetimes,1.0,1.0,1.0,2026-04-12
Lifetimes,2.0,2.0,1.0,2026-06-07
Lightning Jock,23.0,0.0,0.0,2026-01-18
Lightning Jock,24.0,0.0,0.0,2026-02-22
Lightning Jock,25.0,0.0,0.0,2026-03-08
Lightning Jock,26.0,0.0,0.0,2026-03-29
Lightning Jock,27.0,0.0,0.0,2026-05-01
Lightning Jock,28.0,0.0,0.0,2026-05-10
Lightning Jock,29.0,1.0,0.0345,2026-05-24
Limbo Dancer,18.0,1.0,0.0556,2026-03-22
Limbo Dancer,19.0,1.0,0.0526,2026-04-18
Limbo Dancer,20.0,1.0,0.05,2026-04-25
Limbo Dancer,21.0,1.0,0.0476,2026-05-01
Limbo Dancer,22.0,1.0,0.0455,2026-05-24
Limbo Dancer,23.0,2.0,0.087,2026-06-04
Lion Hunter,15.0,2.0,0.1333,2026-03-29
Lion Hunter,16.0,2.0,0.125,2026-04-12
Lion Hunter,17.0,2.0,0.1176,2026-05-01
Lion Hunter,18.0,2.0,0.1111,2026-05-31
Lionessa,0.0,0.0,0.0,2026-06-06
Lips Prince,13.0,0.0,0.0,2026-04-18
Lips Prince,14.0,1.0,0.0714,2026-05-24
Little Sam,3.0,2.0,0.6667,2026-04-26
Little Sam,4.0,2.0,0.5,2026-05-16
Little Socks,1.0,0.0,0.0,2026-01-18
Little Socks,2.0,0.0,0.0,2026-02-01
Little Socks,3.0,0.0,0.0,2026-02-22
Little Socks,4.0,0.0,0.0,2026-03-08
Liv Gold,0.0,0.0,0.0,2026-03-28
Liv Gold,1.0,0.0,0.0,2026-06-07
Liverpool,0.0,0.0,0.0,2026-05-16
Liverpool,1.0,0.0,0.0,2026-06-04
Livin,4.0,0.0,0.0,2026-05-09
Livin,5.0,1.0,0.2,2026-06-06
Lommi,1.0,0.0,0.0,2026-05-01
Lommi,2.0,0.0,0.0,2026-06-06
Longhi,0.0,0.0,0.0,2026-04-25
Lontano,5.0,0.0,0.0,2026-05-10
Lontano,6.0,0.0,0.0,2026-05-30
Lord Clover,0.0,0.0,0.0,2026-05-25
Lord Of Time,0.0,0.0,0.0,2026-05-08
Lordano,11.0,3.0,0.2727,2026-04-06
Lordano,12.0,4.0,0.3333,2026-05-10
Lorella,7.0,2.0,0.2857,2026-04-19
Lorella,8.0,2.0,0.25,2026-06-04
Los Angeles,0.0,0.0,0.0,2026-04-19
Los Angeles,1.0,1.0,1.0,2026-05-01
Los Angeles,2.0,1.0,0.5,2026-05-23
Los Angeles,3.0,1.0,0.3333,2026-06-06
Lost Signal,0.0,0.0,0.0,2026-05-25
Loucas,2.0,1.0,0.5,2026-04-26
Loucas,3.0,1.0,0.3333,2026-05-25
Loup d'Argent,2.0,0.0,0.0,2026-05-08
Louvre,13.0,3.0,0.2308,2026-03-29
Louvre,14.0,4.0,0.2857,2026-05-08
Louvre,15.0,4.0,0.2667,2026-05-14
Louvre,16.0,4.0,0.25,2026-05-31
Lovefool,0.0,0.0,0.0,2026-05-14
Lovely Tess,1.0,0.0,0.0,2026-05-16
Lucky Shawna,7.0,0.0,0.0,2026-04-06
Lucky Shawna,8.0,0.0,0.0,2026-05-08
Lucky Soldier,2.0,0.0,0.0,2026-05-08
Lucky Soldier,3.0,0.0,0.0,2026-05-25
Ludwig Leopold,1.0,0.0,0.0,2026-05-16
Luke Skywalker,0.0,0.0,0.0,2026-06-04
Luna,7.0,0.0,0.0,2026-06-04
Lunar Force,0.0,0.0,0.0,2026-02-01
Lune D'Aure,0.0,0.0,0.0,2026-05-10
Lune D'Aure,1.0,0.0,0.0,2026-06-04
Luzum,20.0,2.0,0.1,2026-03-08
Luzum,21.0,2.0,0.0952,2026-04-06
Luzum,22.0,2.0,0.0909,2026-04-26
Luzum,23.0,2.0,0.087,2026-05-01
Luzum,24.0,2.0,0.0833,2026-05-14
Lynario,10.0,3.0,0.3,2026-03-28
Lynario,11.0,3.0,0.2727,2026-04-25
Lynario,12.0,3.0,0.25,2026-05-09
Lynario,13.0,3.0,0.2308,2026-06-07
Mabeaux,5.0,0.0,0.0,2026-04-25
Mabeaux,6.0,0.0,0.0,2026-05-16
Mabeaux,7.0,0.0,0.0,2026-06-07
Mabel,8.0,0.0,0.0,2026-04-05
Mabel,9.0,0.0,0.0,2026-05-01
Mabel,10.0,0.0,0.0,2026-05-25
Macun,9.0,3.0,0.3333,2026-05-09
Macun,10.0,3.0,0.3,2026-05-24
Macun,11.0,3.0,0.2727,2026-06-04
Made In Pepper,0.0,0.0,0.0,2026-03-28
Made In Pepper,1.0,0.0,0.0,2026-05-14
Made In Pepper,2.0,0.0,0.0,2026-06-06
Made in Pepper,2.0,0.0,0.0,2026-01-18
Made in Pepper,3.0,0.0,0.0,2026-03-08
Mademoiselle Rouge,9.0,1.0,0.1111,2026-04-05
Mademoiselle Rouge,10.0,1.0,0.1,2026-04-26
Mademoiselle Rouge,11.0,2.0,0.1818,2026-05-25
Magical Memory,0.0,0.0,0.0,2026-05-01
Magical Memory,1.0,0.0,0.0,2026-05-09
Magical memory,1.0,0.0,0.0,2026-05-30
Maharani,13.0,1.0,0.0769,2026-01-04
Maharani,14.0,2.0,0.1429,2026-02-01
Maid Of Dragon,0.0,0.0,0.0,2026-04-26
Maid Of Dragon,1.0,0.0,0.0,2026-05-14
Maid of Dragon,22.0,2.0,0.0909,2026-01-04
Maid of Dragon,23.0,2.0,0.087,2026-02-01
Maidstone,28.0,1.0,0.0357,2026-01-04
Maidstone,29.0,1.0,0.0345,2026-03-22
Maidstone,30.0,2.0,0.0667,2026-04-25
Maigret,6.0,2.0,0.3333,2026-03-29
Major,4.0,0.0,0.0,2026-01-18
Major,5.0,0.0,0.0,2026-02-01
Major,6.0,0.0,0.0,2026-02-22
Mala Wyska,0.0,0.0,0.0,2026-05-14
Malleo,2.0,0.0,0.0,2026-01-04
Malleo,3.0,0.0,0.0,2026-04-25
Malleo,4.0,0.0,0.0,2026-05-14
Managed Mischief,0.0,0.0,0.0,2026-05-30
Mandant,3.0,0.0,0.0,2026-02-01
Mandant,4.0,0.0,0.0,2026-03-22
Mandant,5.0,0.0,0.0,2026-05-14
Mandant,6.0,0.0,0.0,2026-05-30
Mandy'S Girl,0.0,0.0,0.0,2026-04-18
Mandy's Girl,22.0,4.0,0.1818,2026-06-04
Manero,11.0,0.0,0.0,2026-01-04
Manero,12.0,0.0,0.0,2026-02-01
Mannis Boy,3.0,0.0,0.0,2026-01-04
Mannis Boy,4.0,1.0,0.25,2026-04-26
Mannis Boy,5.0,1.0,0.2,2026-05-17
Mannix,12.0,0.0,0.0,2026-05-01
Mannix,13.0,0.0,0.0,2026-05-30
Manon Des Bois,0.0,0.0,0.0,2026-06-07
Mansour,2.0,0.0,0.0,2026-04-18
Manta Moon,5.0,0.0,0.0,2026-03-28
Manta Moon,6.0,0.0,0.0,2026-05-16
Manterley,0.0,0.0,0.0,2026-05-23
Many A Year,2.0,0.0,0.0,2026-04-26
Many A Year,3.0,1.0,0.3333,2026-05-17
Maranello,0.0,0.0,0.0,2026-05-25
Mariano,12.0,3.0,0.25,2026-04-05
Mariano,13.0,4.0,0.3077,2026-05-01
Mariano,14.0,4.0,0.2857,2026-05-24
Mascani,18.0,0.0,0.0,2026-04-26
Mascani,19.0,0.0,0.0,2026-05-16
Mascani,20.0,0.0,0.0,2026-06-04
Masiba,2.0,0.0,0.0,2026-04-12
Masiba,3.0,0.0,0.0,2026-04-26
Masiba,4.0,0.0,0.0,2026-06-06
Master Franca,13.0,0.0,0.0,2026-05-23
Master Franca,14.0,0.0,0.0,2026-06-04
Master Of Light,0.0,0.0,0.0,2026-05-16
Master Of Light,1.0,1.0,1.0,2026-06-06
Master Of Lips,0.0,0.0,0.0,2026-03-28
Master Of Lips,1.0,0.0,0.0,2026-04-26
Master of Lips,10.0,0.0,0.0,2026-01-04
Master of Lips,11.0,1.0,0.0909,2026-01-18
Master of Lips,12.0,2.0,0.1667,2026-02-01
Master of Lips,13.0,2.0,0.1538,2026-02-22
May It Be,0.0,0.0,0.0,2026-05-10
Megarry,0.0,0.0,0.0,2026-05-01
Melting Moon,0.0,0.0,0.0,2026-05-10
Mentor,2.0,0.0,0.0,2026-03-29
Mentor,3.0,0.0,0.0,2026-04-18
Mentor,4.0,1.0,0.25,2026-06-04
Merkur,7.0,1.0,0.1429,2026-03-29
Merkur,8.0,1.0,0.125,2026-05-01
Methopa,8.0,0.0,0.0,2026-05-09
Miami Heat,4.0,1.0,0.25,2026-03-22
Miami Heat,5.0,1.0,0.2,2026-05-08
Miami Heat,6.0,2.0,0.3333,2026-06-07
Milking Duty,0.0,0.0,0.0,2026-05-09
Milking Duty,1.0,0.0,0.0,2026-05-25
Mineola,0.0,0.0,0.0,2026-05-16
Minor,4.0,1.0,0.25,2026-05-30
Minuty,1.0,0.0,0.0,2026-04-19
Minuty,2.0,0.0,0.0,2026-05-16
Miss Angel,0.0,0.0,0.0,2026-04-18
Miss Eagle,11.0,2.0,0.1818,2026-03-08
Miss Eagle,12.0,2.0,0.1667,2026-03-22
Miss Eagle,13.0,2.0,0.1538,2026-05-17
Miss Ellie,8.0,1.0,0.125,2026-05-01
Miss Ellie,9.0,1.0,0.1111,2026-05-10
Miss Hollywood,5.0,1.0,0.2,2026-03-08
Miss Hollywood,6.0,1.0,0.1667,2026-04-25
Miss Hollywood,7.0,1.0,0.1429,2026-05-09
Miss Hollywood,8.0,1.0,0.125,2026-06-04
Miss Liberty,5.0,1.0,0.2,2026-04-06
Miss Liberty,6.0,1.0,0.1667,2026-04-26
Miss Liberty,7.0,1.0,0.1429,2026-05-16
Miss Mai Tai,0.0,0.0,0.0,2026-05-10
Miss Oxford,0.0,0.0,0.0,2026-04-05
Mission In Malton,0.0,0.0,0.0,2026-04-25
Mission In Malton,1.0,0.0,0.0,2026-05-14
Mission In Malton,2.0,1.0,0.5,2026-06-07
Mist At Dawn,0.0,0.0,0.0,2026-06-06
Mist Of Lir,0.0,0.0,0.0,2026-05-01
Mist Of Lir,1.0,0.0,0.0,2026-05-10
Mist Of Lir,2.0,1.0,0.5,2026-06-07
Mist of Lir,23.0,3.0,0.1304,2026-01-04
Mist of Lir,24.0,3.0,0.125,2026-01-18
Mister Bombastic,0.0,0.0,0.0,2026-05-01
Mister Motown,0.0,0.0,0.0,2026-05-17
Mister Phoenix,0.0,0.0,0.0,2026-04-05
Mister Phoenix,1.0,1.0,1.0,2026-06-06
Mister Sketch,0.0,0.0,0.0,2026-02-01
Mister Sketch,1.0,0.0,0.0,2026-06-07
Mister Wonderful,5.0,1.0,0.2,2026-04-26
Mister Wonderful,6.0,1.0,0.1667,2026-05-17
Mister Wonderful,7.0,1.0,0.1429,2026-06-06
Monopoli,0.0,0.0,0.0,2026-03-29
Monopoli,1.0,0.0,0.0,2026-04-26
Monopoli,2.0,0.0,0.0,2026-05-14
Montanus,16.0,2.0,0.125,2026-03-29
Montanus,17.0,2.0,0.1176,2026-05-01
Montanus,18.0,2.0,0.1111,2026-05-25
Montecristo Gold,16.0,0.0,0.0,2026-05-01
Montecristo Gold,17.0,0.0,0.0,2026-05-10
Montecristo Gold,18.0,0.0,0.0,2026-05-24
Moon Above,0.0,0.0,0.0,2026-05-10
Moon Power,0.0,0.0,0.0,2026-05-14
Moona,0.0,0.0,0.0,2026-05-10
Moonlabel,0.0,0.0,0.0,2026-04-25
Moonlight Fairy,6.0,0.0,0.0,2026-05-01
Moonlight Fairy,7.0,1.0,0.1429,2026-05-25
Moonlight Susi,4.0,0.0,0.0,2026-05-14
Moonlight Susi,5.0,0.0,0.0,2026-05-30
Moonlight Touch,11.0,2.0,0.1818,2026-05-01
Moonlight Touch,12.0,2.0,0.1667,2026-05-30
Morgan Bay,0.0,0.0,0.0,2026-04-05
Morgenmond,2.0,0.0,0.0,2026-04-06
Morgenmond,3.0,0.0,0.0,2026-05-10
Morindoo,9.0,1.0,0.1111,2026-03-29
Morindoo,10.0,2.0,0.2,2026-04-12
Morindoo,11.0,2.0,0.1818,2026-05-08
Movento,8.0,0.0,0.0,2026-03-08
Movento,9.0,0.0,0.0,2026-04-06
Movento,10.0,0.0,0.0,2026-05-14
Mr Pablo,19.0,3.0,0.1579,2026-01-18
Mr Pablo,20.0,4.0,0.2,2026-02-01
Mr Pablo,21.0,5.0,0.2381,2026-03-08
Mr Pablo,22.0,6.0,0.2727,2026-03-29
Mr Pablo,23.0,6.0,0.2609,2026-04-18
Mr. Jury Twister,19.0,2.0,0.1053,2026-04-19
Mr. Jury Twister,20.0,2.0,0.1,2026-05-01
Mr. Jury Twister,21.0,2.0,0.0952,2026-05-23
Mr. Jury Twister,22.0,2.0,0.0909,2026-06-04
Murray,14.0,3.0,0.2143,2026-03-28
Murray,15.0,3.0,0.2,2026-05-08
Murray,16.0,3.0,0.1875,2026-05-17
My Universe,4.0,1.0,0.25,2026-01-04
My Universe,5.0,1.0,0.2,2026-03-08
My Universe,6.0,1.0,0.1667,2026-04-12
My Valentine,11.0,0.0,0.0,2026-04-06
My Valentine,12.0,1.0,0.0833,2026-05-14
Mystic Charly,0.0,0.0,0.0,2026-04-12
Nabano,1.0,0.0,0.0,2026-03-29
Nabano,2.0,0.0,0.0,2026-04-26
Nabano,3.0,0.0,0.0,2026-06-06
Nabob,0.0,0.0,0.0,2026-06-06
Nachteule,0.0,0.0,0.0,2026-04-05
Nachteule,1.0,1.0,1.0,2026-05-01
Nachthimmel,12.0,1.0,0.0833,2026-05-01
Nachthimmel,13.0,1.0,0.0769,2026-05-31
Nachtwolf,0.0,0.0,0.0,2026-05-01
Nachtwolf,1.0,0.0,0.0,2026-05-17
Nagano,0.0,0.0,0.0,2026-05-17
Nagano,1.0,0.0,0.0,2026-06-07
Najem Shalghoda,9.0,1.0,0.1111,2026-06-07
Nalia,2.0,0.0,0.0,2026-06-04
Name Lord,7.0,1.0,0.1429,2026-04-25
Name Lord,8.0,1.0,0.125,2026-05-25
Namouria,7.0,0.0,0.0,2026-06-04
Nardos,1.0,1.0,1.0,2026-05-03
Nardos,2.0,2.0,1.0,2026-05-25
Naresh,1.0,0.0,0.0,2026-03-29
Naresh,2.0,0.0,0.0,2026-04-26
Naresh,3.0,0.0,0.0,2026-05-17
Nariella,2.0,0.0,0.0,2026-03-29
Nariella,3.0,0.0,0.0,2026-05-08
Nariella,4.0,0.0,0.0,2026-05-25
Narrativo,6.0,1.0,0.1667,2026-04-05
Narrativo,7.0,1.0,0.1429,2026-05-10
Nastaria,13.0,4.0,0.3077,2026-04-05
Nation Of Stars,0.0,0.0,0.0,2026-03-29
Nation Of Stars,1.0,0.0,0.0,2026-04-18
Nation Of Stars,2.0,0.0,0.0,2026-04-26
Nation Of Stars,3.0,0.0,0.0,2026-05-14
Nation Of Stars,4.0,0.0,0.0,2026-05-24
Nation Of Stars,5.0,0.0,0.0,2026-06-04
Nation of Stars,29.0,3.0,0.1034,2026-05-30
Native Ruler,2.0,1.0,0.5,2026-04-12
Native Ruler,3.0,1.0,0.3333,2026-05-09
Naughty Peter,0.0,0.0,0.0,2026-05-10
Nauplia,6.0,1.0,0.1667,2026-03-29
Near Rib,2.0,1.0,0.5,2026-05-01
Near Rib,3.0,1.0,0.3333,2026-06-04
Needle Drop,5.0,2.0,0.4,2026-04-05
Needle Drop,6.0,2.0,0.3333,2026-05-01
Needle Drop,7.0,3.0,0.4286,2026-05-23
Nelson Gay,0.0,0.0,0.0,2026-01-18
Nelson Gay,1.0,0.0,0.0,2026-06-04
Neriano,11.0,0.0,0.0,2026-05-23
Neriano,12.0,0.0,0.0,2026-06-07
Nerio,4.0,1.0,0.25,2026-04-19
Nerio,5.0,1.0,0.2,2026-05-01
Nerio,6.0,1.0,0.1667,2026-06-07
Nero Imperator,21.0,3.0,0.1429,2026-05-14
New Diamond,14.0,2.0,0.1429,2026-04-19
New Diamond,15.0,2.0,0.1333,2026-05-10
New Diamond,16.0,2.0,0.125,2026-06-06
New Emerald,5.0,1.0,0.2,2026-04-12
New Emerald,6.0,2.0,0.3333,2026-06-04
Newkidontheblock,22.0,2.0,0.0909,2026-04-05
Newkidontheblock,23.0,2.0,0.087,2026-05-01
Newkidontheblock,24.0,2.0,0.0833,2026-05-25
Next Dawn,14.0,0.0,0.0,2026-05-01
Next Eagle,10.0,3.0,0.3,2026-05-01
Next Eagle,11.0,3.0,0.2727,2026-05-09
Next Eagle,12.0,3.0,0.25,2026-06-07
Next Emerald,2.0,0.0,0.0,2026-05-17
Next Mine,5.0,1.0,0.2,2026-04-12
Next Mine,6.0,1.0,0.1667,2026-06-04
Neyshapur,3.0,1.0,0.3333,2026-01-18
Night Breath,0.0,0.0,0.0,2026-05-14
Night Glory,7.0,0.0,0.0,2026-03-22
Night Glory,8.0,0.0,0.0,2026-05-01
Night Glory,9.0,0.0,0.0,2026-05-14
Night Glory,10.0,0.0,0.0,2026-05-30
Night Lord,2.0,0.0,0.0,2026-01-18
Night Lord,3.0,0.0,0.0,2026-03-22
Night Lord,4.0,1.0,0.25,2026-04-06
Night Lord,5.0,1.0,0.2,2026-05-17
Night Ocean,20.0,2.0,0.1,2026-01-04
Night Ocean,21.0,3.0,0.1429,2026-02-01
Night Ocean,22.0,3.0,0.1364,2026-03-22
Night Session,0.0,0.0,0.0,2026-03-22
Night Session,1.0,0.0,0.0,2026-04-19
Night Session,2.0,0.0,0.0,2026-05-01
Night Sky,19.0,3.0,0.1579,2026-04-05
Night Sky,20.0,3.0,0.15,2026-04-18
Night Sky,21.0,3.0,0.1429,2026-05-01
Night Sky,22.0,3.0,0.1364,2026-05-10
Night Sky,23.0,3.0,0.1304,2026-05-30
Night Star,12.0,2.0,0.1667,2026-05-25
Nightdance Giulia,17.0,2.0,0.1176,2026-04-18
Nightdance Giulia,18.0,2.0,0.1111,2026-05-09
Nightdance Giulia,19.0,2.0,0.1053,2026-05-25
Nightdance Wood,3.0,2.0,0.6667,2026-05-08
Nightdance Wood,4.0,2.0,0.5,2026-05-25
Nikita,4.0,0.0,0.0,2026-05-01
Nikita,5.0,0.0,0.0,2026-05-25
Nishiki Kamuro,25.0,6.0,0.24,2026-01-04
Nishiki Kamuro,26.0,6.0,0.2308,2026-02-22
Nishiki Kamuro,27.0,6.0,0.2222,2026-04-18
Nishiki Kamuro,28.0,6.0,0.2143,2026-04-26
Nishiki Kamuro,29.0,6.0,0.2069,2026-05-01
Nishiki Kamuro,30.0,7.0,0.2333,2026-05-10
Nishiki Kamuro,31.0,7.0,0.2258,2026-05-30
Noble Breath,3.0,1.0,0.3333,2026-05-01
Noble Henry,14.0,1.0,0.0714,2026-04-18
Noble Lips,0.0,0.0,0.0,2026-05-03
Noble Lips,1.0,0.0,0.0,2026-05-14
Noelle,13.0,1.0,0.0769,2026-05-09
Nofretete,5.0,0.0,0.0,2026-04-18
Nofretete,6.0,0.0,0.0,2026-05-01
Nofretete,7.0,0.0,0.0,2026-05-24
Nofretete,8.0,0.0,0.0,2026-05-31
Nolan,2.0,0.0,0.0,2026-01-04
Nolan,3.0,0.0,0.0,2026-02-22
Nolan,4.0,0.0,0.0,2026-03-08
Nolan,5.0,0.0,0.0,2026-05-14
Nomade,1.0,0.0,0.0,2026-05-17
Nomade,2.0,0.0,0.0,2026-05-31
Nordstar,12.0,1.0,0.0833,2026-04-19
Nordstar,13.0,1.0,0.0769,2026-05-24
Nordwind,4.0,0.0,0.0,2026-05-01
Nordwind,5.0,1.0,0.2,2026-05-30
Noreia's Il Terzo,0.0,0.0,0.0,2026-05-09
Noreia's Il Terzo,1.0,0.0,0.0,2026-05-31
Noreia's Secondo,17.0,5.0,0.2941,2026-04-19
Noreia's Secondo,18.0,5.0,0.2778,2026-05-01
Noreia's Secondo,19.0,5.0,0.2632,2026-05-23
Noreia's Secondo,20.0,5.0,0.25,2026-06-06
North Fire,16.0,3.0,0.1875,2026-03-29
North Fire,17.0,3.0,0.1765,2026-04-25
North Fire,18.0,4.0,0.2222,2026-05-17
Northern Eclipse,5.0,2.0,0.4,2026-04-12
Northern Eclipse,6.0,3.0,0.5,2026-05-31
Northern Man,0.0,0.0,0.0,2026-04-25
Northern Man,1.0,0.0,0.0,2026-05-14
Northern Monarch,5.0,2.0,0.4,2026-05-16
Noshowlikeajoeshow,29.0,1.0,0.0345,2026-05-01
Noshowlikeajoeshow,30.0,1.0,0.0333,2026-05-10
Noshowlikeajoeshow,31.0,1.0,0.0323,2026-05-25
Nouvelle Nathaly,0.0,0.0,0.0,2026-04-26
Noyan,0.0,0.0,0.0,2026-04-06
Noyan,1.0,0.0,0.0,2026-05-01
Noyan,2.0,1.0,0.5,2026-05-31
Nucati,6.0,0.0,0.0,2026-01-18
Nucati,7.0,0.0,0.0,2026-03-22
Nucati,8.0,0.0,0.0,2026-04-26
Nucati,9.0,0.0,0.0,2026-05-14
Oak Lahoma,12.0,1.0,0.0833,2026-03-22
Obstler,0.0,0.0,0.0,2026-04-18
Obstler,1.0,0.0,0.0,2026-05-01
Obstler,2.0,0.0,0.0,2026-05-10
Obstler,3.0,0.0,0.0,2026-05-24
Ocean Diamond,0.0,0.0,0.0,2026-04-18
Ocean Diamond,1.0,0.0,0.0,2026-05-01
Ocean Diamond,2.0,0.0,0.0,2026-05-09
Ocean Diamond,3.0,1.0,0.3333,2026-05-30
Ocean Sun,6.0,1.0,0.1667,2026-04-05
Ohcorona,19.0,1.0,0.0526,2026-02-22
Ohcorona,20.0,1.0,0.05,2026-03-22
Ohcorona,21.0,1.0,0.0476,2026-04-26
Ohcorona,22.0,1.0,0.0455,2026-05-14
Ohcorona,23.0,1.0,0.0435,2026-06-06
Okiedokie,3.0,1.0,0.3333,2026-03-28
Okiedokie,4.0,1.0,0.25,2026-05-01
Okiedokie,5.0,1.0,0.2,2026-05-16
Okiedokie,6.0,1.0,0.1667,2026-06-06
Olaf,10.0,0.0,0.0,2026-05-08
Old Eagle,0.0,0.0,0.0,2026-05-24
Olga Gold,18.0,1.0,0.0556,2026-03-28
Olga Gold,19.0,1.0,0.0526,2026-04-19
Olga Gold,20.0,1.0,0.05,2026-05-09
Olga Gold,21.0,2.0,0.0952,2026-05-30
Only Luck,0.0,0.0,0.0,2026-05-31
Open Skies,16.0,2.0,0.125,2026-01-04
Open Skies,17.0,2.0,0.1176,2026-02-01
Open Skies,18.0,2.0,0.1111,2026-03-08
Open Skies,19.0,3.0,0.1579,2026-04-26
Open Skies,20.0,3.0,0.15,2026-05-30
Open Skies,21.0,3.0,0.1429,2026-06-06
Open To Question,0.0,0.0,0.0,2026-03-28
Ophira,0.0,0.0,0.0,2026-05-14
Orda,11.0,0.0,0.0,2026-01-04
Orda,12.0,0.0,0.0,2026-02-01
Orda,13.0,0.0,0.0,2026-02-22
Orda,14.0,0.0,0.0,2026-03-28
Orda,15.0,1.0,0.0667,2026-04-18
Orda,16.0,1.0,0.0625,2026-05-09
Orda,17.0,1.0,0.0588,2026-05-30
Oriental King,16.0,2.0,0.125,2026-03-29
Oriental King,17.0,3.0,0.1765,2026-04-26
Oriental King,18.0,3.0,0.1667,2026-05-10
Oriental King,19.0,3.0,0.1579,2026-05-31
Oriental Princess,26.0,1.0,0.0385,2026-03-29
Orkan Von Marlow,0.0,0.0,0.0,2026-05-10
Orkan Von Marlow,1.0,0.0,0.0,2026-05-24
Orkan von Marlow (H),23.0,2.0,0.087,2026-05-30
Orthos,19.0,3.0,0.1579,2026-03-29
Orthos,20.0,3.0,0.15,2026-04-26
Orthos,21.0,3.0,0.1429,2026-05-25
Orthos,22.0,3.0,0.1364,2026-06-07
Ost Sturm,10.0,1.0,0.1,2026-05-24
Ostario,0.0,0.0,0.0,2026-05-10
Ostario,1.0,0.0,0.0,2026-05-30
Ostseesonne,7.0,0.0,0.0,2026-01-18
Ostseesonne,8.0,0.0,0.0,2026-03-08
Ostseesonne,9.0,1.0,0.1111,2026-03-28
Ostseesonne,10.0,2.0,0.2,2026-06-07
Otjiwarongo,8.0,1.0,0.125,2026-04-19
Otjiwarongo,9.0,1.0,0.1111,2026-05-23
Ourbren,0.0,0.0,0.0,2026-05-31
Ovambo'S Legacy,0.0,0.0,0.0,2026-04-25
Ovambo's Legacy,0.0,0.0,0.0,2026-05-25
Padme,0.0,0.0,0.0,2026-05-17
Padme,1.0,0.0,0.0,2026-06-04
Padre Palou,15.0,2.0,0.1333,2026-05-08
Paige,17.0,3.0,0.1765,2026-04-18
Paige,18.0,3.0,0.1667,2026-05-10
Paige,19.0,3.0,0.1579,2026-05-30
Pandora Al Gunay,1.0,0.0,0.0,2026-05-01
Pandora Al Gunay,2.0,0.0,0.0,2026-05-25
Parigi,13.0,2.0,0.1538,2026-04-19
Parigi,14.0,2.0,0.1429,2026-05-01
Parini,6.0,2.0,0.3333,2026-05-01
Parisi Lady,0.0,0.0,0.0,2026-05-01
Parsi,4.0,0.0,0.0,2026-01-04
Parsi,5.0,0.0,0.0,2026-02-01
Parsi,6.0,0.0,0.0,2026-02-22
Parsi,7.0,0.0,0.0,2026-03-08
Parsi,8.0,0.0,0.0,2026-03-22
Parsi,9.0,0.0,0.0,2026-04-06
Parsi,10.0,0.0,0.0,2026-04-26
Parsi,11.0,0.0,0.0,2026-05-09
Parsi,12.0,0.0,0.0,2026-06-04
Partnun,11.0,2.0,0.1818,2026-04-05
Partnun,12.0,2.0,0.1667,2026-06-04
Parypearl,0.0,0.0,0.0,2026-05-23
Parypearl,1.0,0.0,0.0,2026-06-04
Pas Peur,0.0,0.0,0.0,2026-05-16
Pas Peur,1.0,0.0,0.0,2026-06-04
Pasha Al Gunay,5.0,1.0,0.2,2026-05-08
Pashang,0.0,0.0,0.0,2026-05-17
Peace Of Japan,0.0,0.0,0.0,2026-03-22
Peace Of Japan,1.0,0.0,0.0,2026-05-01
Peanut,0.0,0.0,0.0,2026-04-25
Peanut,1.0,0.0,0.0,2026-05-25
Pearl Harbour,1.0,0.0,0.0,2026-03-29
Pearl Of Japan,0.0,0.0,0.0,2026-04-05
Pearl Of Japan,1.0,0.0,0.0,2026-05-09
Pearly Sparkle,1.0,0.0,0.0,2026-05-01
Pegasos,0.0,0.0,0.0,2026-06-04
Pellegrino,0.0,0.0,0.0,2026-04-19
Pellegrino,1.0,0.0,0.0,2026-06-07
Pepperfly,0.0,0.0,0.0,2026-04-19
Pepperfly,1.0,0.0,0.0,2026-05-09
Pepperfly,2.0,0.0,0.0,2026-05-23
Pepperfly,3.0,0.0,0.0,2026-06-06
Perfect Pic,16.0,1.0,0.0625,2026-05-01
Perfect Pic,17.0,1.0,0.0588,2026-05-25
Perfect Your Swing,0.0,0.0,0.0,2026-05-10
Perfect Your Swing,1.0,0.0,0.0,2026-06-04
Pericolo,6.0,2.0,0.3333,2026-04-05
Pericolo,7.0,2.0,0.2857,2026-05-10
Pericolo,8.0,2.0,0.25,2026-06-06
Perito,3.0,1.0,0.3333,2026-05-08
Persian Sun,0.0,0.0,0.0,2026-03-28
Petit Gerard,0.0,0.0,0.0,2026-05-16
Petra My Love,3.0,1.0,0.3333,2026-04-18
Petra My Love,4.0,2.0,0.5,2026-05-10
Petra My Love,5.0,3.0,0.6,2026-06-04
Phandorro,14.0,0.0,0.0,2026-01-18
Phandorro,15.0,0.0,0.0,2026-02-01
Phantom Stars,0.0,0.0,0.0,2026-05-01
Phantom Stars,1.0,0.0,0.0,2026-05-23
Pharosso,0.0,0.0,0.0,2026-01-18
Pharosso,1.0,0.0,0.0,2026-02-01
Pharosso,2.0,0.0,0.0,2026-02-22
Pharosso,3.0,0.0,0.0,2026-03-22
Philharmonie,8.0,1.0,0.125,2026-04-19
Philharmonie,9.0,1.0,0.1111,2026-05-01
Philharmonie,10.0,1.0,0.1,2026-05-30
Pied Blanc,2.0,0.0,0.0,2026-03-22
Pied Blanc,3.0,0.0,0.0,2026-05-01
Pietra Fortunata,0.0,0.0,0.0,2026-04-19
Pietra Fortunata,1.0,0.0,0.0,2026-05-01
Pietra Fortunata,2.0,0.0,0.0,2026-05-23
Pietra Fortunata,3.0,0.0,0.0,2026-06-04
Pirate Al Gunay,3.0,0.0,0.0,2026-01-04
Pivotal Affair,2.0,0.0,0.0,2026-03-29
Pivotal Affair,3.0,0.0,0.0,2026-04-25
Pivotal Affair,4.0,0.0,0.0,2026-05-16
Pivotal Affair,5.0,1.0,0.2,2026-05-31
Plain Vanilla,1.0,0.0,0.0,2026-03-29
Plain Vanilla,2.0,0.0,0.0,2026-04-25
Plain Vanilla,3.0,0.0,0.0,2026-05-14
Planteur's Whiskey,6.0,0.0,0.0,2026-03-22
Planteur's Whiskey,7.0,0.0,0.0,2026-04-19
Planteur's Whiskey,8.0,0.0,0.0,2026-05-25
Pleasant Phantom,7.0,0.0,0.0,2026-04-26
Pleasant Phantom,8.0,0.0,0.0,2026-05-16
Pluto,1.0,0.0,0.0,2026-05-01
Pluto,2.0,0.0,0.0,2026-05-30
Poet'S Realm,0.0,0.0,0.0,2026-04-18
Poet's Realm,14.0,1.0,0.0714,2026-05-01
Poet's Realm,15.0,1.0,0.0667,2026-05-31
Pogi,0.0,0.0,0.0,2026-04-12
Pogi,1.0,0.0,0.0,2026-05-01
Pogi,2.0,0.0,0.0,2026-06-06
Polar Rebel,0.0,0.0,0.0,2026-03-29
Polar Rebel,1.0,0.0,0.0,2026-04-26
Polar Rebel,2.0,0.0,0.0,2026-05-17
Poldi's Liebling,10.0,0.0,0.0,2026-04-19
Poldi's Liebling,11.0,0.0,0.0,2026-05-01
Poldi's Liebling,12.0,0.0,0.0,2026-05-23
Poliana,10.0,0.0,0.0,2026-01-18
Poliana,11.0,0.0,0.0,2026-04-06
Pony On The Moon,0.0,0.0,0.0,2026-05-31
Poppy Pimento,5.0,2.0,0.4,2026-05-09
Power Lady,0.0,0.0,0.0,2026-05-23
Power Of Twins,0.0,0.0,0.0,2026-01-04
Power Of Twins,1.0,0.0,0.0,2026-02-22
Powerstown,26.0,2.0,0.0769,2026-04-18
Powerstown,27.0,2.0,0.0741,2026-05-01
Powerstown,28.0,2.0,0.0714,2026-05-14
Powerstown,29.0,2.0,0.069,2026-05-24
Powerstown,30.0,2.0,0.0667,2026-05-30
Prairie Glory,0.0,0.0,0.0,2026-05-01
Prairie Lion,1.0,0.0,0.0,2026-05-01
Prairie Mouse,9.0,2.0,0.2222,2026-02-01
Prea Gianca,0.0,0.0,0.0,2026-05-31
Pretty White Face,0.0,0.0,0.0,2026-04-26
Pretty White Face,1.0,0.0,0.0,2026-05-14
Prima Vista,3.0,0.0,0.0,2026-03-29
Prima Vista,4.0,0.0,0.0,2026-04-26
Prima Vista,5.0,0.0,0.0,2026-05-25
Prima Vista,6.0,0.0,0.0,2026-06-07
Primo Violetto,8.0,2.0,0.25,2026-01-04
Primo Violetto,9.0,3.0,0.3333,2026-01-18
Primo Violetto,10.0,3.0,0.3,2026-02-22
Primo Violetto,11.0,3.0,0.2727,2026-03-29
Primo Violetto,12.0,3.0,0.25,2026-05-25
Prince Attaque,1.0,0.0,0.0,2026-05-31
Prince Percival,3.0,1.0,0.3333,2026-05-16
Prince Percival,4.0,2.0,0.5,2026-06-07
Princess Badee,5.0,2.0,0.4,2026-05-14
Princess Badee,6.0,2.0,0.3333,2026-06-04
Princess Of Habo,0.0,0.0,0.0,2026-05-01
Princess Sioux,0.0,0.0,0.0,2026-04-18
Princess Valentina,11.0,0.0,0.0,2026-04-05
Princess Valentina,12.0,0.0,0.0,2026-06-04
Pristine,0.0,0.0,0.0,2026-03-28
Pristine,1.0,0.0,0.0,2026-05-17
Pristine,2.0,0.0,0.0,2026-06-07
Proceed With Speed,0.0,0.0,0.0,2026-05-03
Prolet,6.0,1.0,0.1667,2026-01-18
Prolet,7.0,1.0,0.1429,2026-05-14
Prolet,8.0,1.0,0.125,2026-05-25
Promotion,5.0,1.0,0.2,2026-05-16
Prydwen,0.0,0.0,0.0,2026-05-10
Pura Vida,0.0,0.0,0.0,2026-05-25
Quantez,0.0,0.0,0.0,2026-05-01
Quantez,1.0,0.0,0.0,2026-05-25
Quantica,0.0,0.0,0.0,2026-05-10
Quantica,1.0,0.0,0.0,2026-05-25
Que Bella,4.0,0.0,0.0,2026-04-12
Quebueno,10.0,1.0,0.1,2026-04-18
Quebueno,11.0,1.0,0.0909,2026-05-09
Quebueno,12.0,1.0,0.0833,2026-06-07
Quella,0.0,0.0,0.0,2026-06-04
Quemal,10.0,0.0,0.0,2026-03-22
Quemal,11.0,0.0,0.0,2026-04-06
Quemal,12.0,0.0,0.0,2026-05-17
Quemoona,0.0,0.0,0.0,2026-05-10
Quiabo,8.0,0.0,0.0,2026-03-22
Quiara,14.0,4.0,0.2857,2026-04-25
Quibia,0.0,0.0,0.0,2026-05-03
Quibia,1.0,0.0,0.0,2026-05-25
Quick And Wild,0.0,0.0,0.0,2026-04-06
Quick And Wild,1.0,0.0,0.0,2026-05-08
Quick And Wild,2.0,0.0,0.0,2026-05-25
Quick and Wild,14.0,1.0,0.0714,2026-02-01
Quijana Starlet,12.0,1.0,0.0833,2026-04-26
Quijana Starlet,13.0,1.0,0.0769,2026-05-14
Quijana Starlet,14.0,1.0,0.0714,2026-06-06
Quitos,0.0,0.0,0.0,2026-05-01
Quitos,1.0,0.0,0.0,2026-05-25
Raameen Solution,2.0,0.0,0.0,2026-04-05
Raameen Solution,3.0,0.0,0.0,2026-05-01
Rabastero,16.0,0.0,0.0,2026-04-18
Rabastero,17.0,0.0,0.0,2026-05-09
Raffinesse,21.0,0.0,0.0,2026-01-04
Raffinesse,22.0,0.0,0.0,2026-01-18
Rakigiana,3.0,0.0,0.0,2026-04-06
Rakigiana,4.0,0.0,0.0,2026-05-01
Rakigiana,5.0,0.0,0.0,2026-05-31
Rambazamba,7.0,1.0,0.1429,2026-01-04
Rambazamba,8.0,1.0,0.125,2026-05-23
Rambazamba,9.0,1.0,0.1111,2026-06-07
Raratcheque,0.0,0.0,0.0,2026-05-09
Ready To Rumble,0.0,0.0,0.0,2026-03-29
Ready To Rumble,1.0,0.0,0.0,2026-05-01
Ready To Rumble,2.0,0.0,0.0,2026-05-25
Recovery,12.0,1.0,0.0833,2026-05-10
Recovery,13.0,1.0,0.0769,2026-06-04
Reine Des Roses,0.0,0.0,0.0,2026-04-26
Repute,34.0,2.0,0.0588,2026-03-22
Repute,35.0,2.0,0.0571,2026-03-29
Repute,36.0,3.0,0.0833,2026-04-18
Repute,37.0,3.0,0.0811,2026-04-26
Repute,38.0,3.0,0.0789,2026-05-10
Repute,39.0,3.0,0.0769,2026-06-07
Rex Carver,3.0,1.0,0.3333,2026-01-18
Rex Carver,4.0,1.0,0.25,2026-02-22
Rex Carver,5.0,1.0,0.2,2026-05-01
Rex Carver,6.0,1.0,0.1667,2026-05-16
Rex Carver,7.0,1.0,0.1429,2026-06-06
Rickshaw,3.0,0.0,0.0,2026-05-08
Rickshaw,4.0,0.0,0.0,2026-06-06
Right Turn,5.0,0.0,0.0,2026-05-16
Ritter Runkel,0.0,0.0,0.0,2026-05-09
Ritter Runkel,1.0,0.0,0.0,2026-05-24
Rogue Identity,0.0,0.0,0.0,2026-04-12
Rogue Identity,1.0,0.0,0.0,2026-05-08
Rogue Identity,2.0,0.0,0.0,2026-05-31
Rogue Mission,3.0,0.0,0.0,2026-01-18
Rogue Mission,4.0,0.0,0.0,2026-02-22
Rogue Mission,5.0,0.0,0.0,2026-03-28
Rogue Mission,6.0,0.0,0.0,2026-05-17
Romantic Samurai,7.0,0.0,0.0,2026-05-01
Romantic Samurai,8.0,0.0,0.0,2026-05-23
Rosel,10.0,1.0,0.1,2026-04-18
Rosel,11.0,1.0,0.0909,2026-05-09
Rosel,12.0,1.0,0.0833,2026-05-30
Rosenflügel,2.0,1.0,0.5,2026-05-01
Royal Diplomat,10.0,1.0,0.1,2026-01-18
Royal Diplomat,11.0,1.0,0.0909,2026-04-26
Royal Emerther,15.0,2.0,0.1333,2026-05-01
Royal Ice,5.0,1.0,0.2,2026-05-23
Royal Ito,2.0,1.0,0.5,2026-05-01
Royal Spirit,10.0,3.0,0.3,2026-03-29
Royal Spirit,11.0,3.0,0.2727,2026-05-01
Royal Spirit,12.0,3.0,0.25,2026-05-14
Royal Spirit,13.0,3.0,0.2308,2026-06-06
Ruby Lips,7.0,2.0,0.2857,2026-04-05
Ruby Lips,8.0,2.0,0.25,2026-05-01
Ruby Lips,9.0,2.0,0.2222,2026-06-04
Rufolo,9.0,0.0,0.0,2026-04-25
Rufolo,10.0,0.0,0.0,2026-05-30
Russian Rambo,0.0,0.0,0.0,2026-04-18
Russian Sochi,20.0,2.0,0.1,2026-03-08
Russian Sochi,21.0,2.0,0.0952,2026-03-28
Russian Sochi,22.0,3.0,0.1364,2026-05-08
Sadora,4.0,3.0,0.75,2026-05-14
Sahmat,3.0,0.0,0.0,2026-03-22
Sahmat,4.0,0.0,0.0,2026-04-06
Sahmat,5.0,0.0,0.0,2026-04-26
Sahmat,6.0,0.0,0.0,2026-05-17
Sahmat,7.0,0.0,0.0,2026-05-31
Saldarion,17.0,2.0,0.1176,2026-05-09
Salenta,0.0,0.0,0.0,2026-05-10
Salenta,1.0,0.0,0.0,2026-06-06
Salimero,5.0,0.0,0.0,2026-01-04
Salimero,6.0,0.0,0.0,2026-01-18
Salimero,7.0,0.0,0.0,2026-03-22
Salito,0.0,0.0,0.0,2026-05-09
Salito,1.0,0.0,0.0,2026-05-31
Salonglaenzende,1.0,1.0,1.0,2026-05-24
Samarkand,3.0,0.0,0.0,2026-05-08
Samarkand,4.0,0.0,0.0,2026-06-04
Sambrosso,11.0,0.0,0.0,2026-04-19
Samburu,11.0,1.0,0.0909,2026-05-01
Same Rules Apply,5.0,1.0,0.2,2026-01-04
Same Rules Apply,6.0,1.0,0.1667,2026-04-06
Sancak,6.0,0.0,0.0,2026-04-26
Sancak,7.0,0.0,0.0,2026-05-17
Santa Catarina,0.0,0.0,0.0,2026-04-06
Santa Catarina,1.0,0.0,0.0,2026-05-03
Santa Catarina,2.0,1.0,0.5,2026-05-24
Santagada,8.0,5.0,0.625,2026-05-01
Santino Corleone,18.0,3.0,0.1667,2026-05-01
Santino Corleone,19.0,3.0,0.1579,2026-05-23
Santino Corleone,20.0,3.0,0.15,2026-06-06
Sapristi,5.0,0.0,0.0,2026-02-01
Sapristi,6.0,0.0,0.0,2026-02-22
Sapristi,7.0,0.0,0.0,2026-03-28
Saralina,9.0,1.0,0.1111,2026-05-01
Savoya,14.0,3.0,0.2143,2026-05-08
Savoya,15.0,3.0,0.2,2026-05-25
Sayidah Toronado,0.0,0.0,0.0,2026-05-17
Sayidah Toronado,1.0,0.0,0.0,2026-06-04
Scaletta,2.0,1.0,0.5,2026-05-09
Scaletta,3.0,1.0,0.3333,2026-06-04
Scan For Champagne,0.0,0.0,0.0,2026-04-26
Scarlett Sunshine,5.0,0.0,0.0,2026-04-19
Scarlett Sunshine,6.0,0.0,0.0,2026-05-10
Schildmaid,0.0,0.0,0.0,2026-05-01
Schneewittchen,0.0,0.0,0.0,2026-06-06
Schützentanz,0.0,0.0,0.0,2026-04-06
Schützenzauber,9.0,2.0,0.2222,2026-04-06
Schützenzauber,10.0,2.0,0.2,2026-05-01
Scipio,5.0,3.0,0.6,2026-03-22
Scipio,6.0,3.0,0.5,2026-05-01
Scipio,7.0,3.0,0.4286,2026-05-25
Sea Celia's Star,0.0,0.0,0.0,2026-05-10
Sea Emily Run,0.0,0.0,0.0,2026-05-25
Sea Poetry,0.0,0.0,0.0,2026-05-01
Sedano,1.0,0.0,0.0,2026-04-12
See Ares,0.0,0.0,0.0,2026-04-06
See Ares,1.0,0.0,0.0,2026-05-23
See Ares,2.0,1.0,0.5,2026-06-07
Seguro,2.0,1.0,0.5,2026-04-26
Seguro,3.0,1.0,0.3333,2026-06-06
Sekt On Ice,0.0,0.0,0.0,2026-05-01
Sekt On Ice,1.0,0.0,0.0,2026-05-31
Self Solution,8.0,3.0,0.375,2026-04-19
Sepanta,0.0,0.0,0.0,2026-05-25
Seven Aces,15.0,0.0,0.0,2026-04-18
Seven Aces,16.0,0.0,0.0,2026-05-09
Seven Aces,17.0,0.0,0.0,2026-05-23
Seventh Wonder,0.0,0.0,0.0,2026-06-06
Shade,0.0,0.0,0.0,2026-04-26
Shade,1.0,0.0,0.0,2026-05-16
Shade,2.0,0.0,0.0,2026-06-06
Shahbazi,0.0,0.0,0.0,2026-05-01
Shahbazi,1.0,0.0,0.0,2026-05-24
Sharpnshady,0.0,0.0,0.0,2026-05-25
Shayem,0.0,0.0,0.0,2026-05-25
Showstorm,0.0,0.0,0.0,2026-03-28
Showstorm,1.0,1.0,1.0,2026-05-31
Sideshow Bob,30.0,2.0,0.0667,2026-01-04
Sideshow Bob,31.0,2.0,0.0645,2026-01-18
Silken Sophie,0.0,0.0,0.0,2026-05-01
Silken Sophie,1.0,0.0,0.0,2026-05-25
Silver Impact,0.0,0.0,0.0,2026-03-29
Silver Impact,1.0,0.0,0.0,2026-04-26
Silver Impact,2.0,1.0,0.5,2026-05-25
Simply Best,0.0,0.0,0.0,2026-04-26
Simply Best,1.0,0.0,0.0,2026-05-25
Sindbad,0.0,0.0,0.0,2026-05-01
Sindbad,1.0,0.0,0.0,2026-06-07
Sir Tommy Cen,0.0,0.0,0.0,2026-06-04
Six Days,0.0,0.0,0.0,2026-05-23
Sky Emperor,32.0,2.0,0.0625,2026-04-05
Sky Emperor,33.0,2.0,0.0606,2026-04-19
Sky Emperor,34.0,2.0,0.0588,2026-05-10
Sky Emperor,35.0,2.0,0.0571,2026-05-23
Sky Emperor,36.0,2.0,0.0556,2026-06-06
Sky Watch,0.0,0.0,0.0,2026-05-31
Slay The Dragon,21.0,5.0,0.2381,2026-01-04
Slay The Dragon,22.0,5.0,0.2273,2026-03-08
Slay The Dragon,23.0,5.0,0.2174,2026-04-18
Slay The Dragon,24.0,5.0,0.2083,2026-05-09
Slay The Dragon,25.0,5.0,0.2,2026-05-24
Small Fires,9.0,0.0,0.0,2026-03-22
Small Fires,10.0,0.0,0.0,2026-05-08
Small Fires,11.0,0.0,0.0,2026-05-17
Snow Player,0.0,0.0,0.0,2026-05-01
So Gold,5.0,0.0,0.0,2026-01-04
So Gold,6.0,0.0,0.0,2026-01-18
So Gold,7.0,0.0,0.0,2026-02-01
So Gold,8.0,0.0,0.0,2026-03-29
So Gold,9.0,0.0,0.0,2026-05-31
Soft Winds,0.0,0.0,0.0,2026-05-01
Soft Winds,1.0,0.0,0.0,2026-05-14
Soft Winds,2.0,0.0,0.0,2026-06-06
Sommerberger,19.0,2.0,0.1053,2026-01-04
Sommerberger,20.0,2.0,0.1,2026-01-18
Sommerberger,21.0,2.0,0.0952,2026-03-29
Sommerberger,22.0,2.0,0.0909,2026-04-26
Sommerberger,23.0,2.0,0.087,2026-05-17
Sommerberger,24.0,2.0,0.0833,2026-05-31
Sommersby,11.0,8.0,0.7273,2026-05-01
Sommersby,12.0,8.0,0.6667,2026-06-04
Son Gual,19.0,3.0,0.1579,2026-03-28
Son Gual,20.0,3.0,0.15,2026-04-19
Son Gual,21.0,3.0,0.1429,2026-05-01
Son Of England,0.0,0.0,0.0,2026-03-29
Son Of England,1.0,0.0,0.0,2026-04-12
Son Of England,2.0,0.0,0.0,2026-05-08
Son Of England,3.0,0.0,0.0,2026-05-25
Sonic Boom,0.0,0.0,0.0,2026-03-22
Sonic Boom,1.0,1.0,1.0,2026-04-26
Sonic Boom,2.0,1.0,0.5,2026-05-25
Soraya Maxima,7.0,1.0,0.1429,2026-04-25
Soreanga,1.0,0.0,0.0,2026-05-24
Souliana,13.0,0.0,0.0,2026-04-18
Souliana,14.0,0.0,0.0,2026-05-01
Souliana,15.0,0.0,0.0,2026-05-30
Sovereign State,13.0,1.0,0.0769,2026-04-25
Spartaner,0.0,0.0,0.0,2026-05-09
Spartaner,1.0,1.0,1.0,2026-05-25
Spartaner,2.0,1.0,0.5,2026-06-04
Spectacular Style,0.0,0.0,0.0,2026-03-28
Spectacular Style,1.0,1.0,1.0,2026-05-31
Spectacular Style,2.0,1.0,0.5,2026-06-07
Speranza,10.0,0.0,0.0,2026-04-18
Speranza,11.0,0.0,0.0,2026-05-01
Speranza,12.0,0.0,0.0,2026-05-10
Speranza,13.0,0.0,0.0,2026-05-30
Spezialist,1.0,0.0,0.0,2026-04-06
Spezialist,2.0,0.0,0.0,2026-05-01
Sporting Hunter,21.0,3.0,0.1429,2026-05-09
Sporting Hunter,22.0,3.0,0.1364,2026-05-30
Springtime,4.0,2.0,0.5,2026-05-08
Springtime,5.0,2.0,0.4,2026-06-07
Square Du Temple,0.0,0.0,0.0,2026-05-01
Square Du Temple,1.0,0.0,0.0,2026-05-25
Starlight Lips,4.0,0.0,0.0,2026-06-04
Starlit Destiny,0.0,0.0,0.0,2026-04-25
Starry Sky,0.0,0.0,0.0,2026-05-01
Starry Sky,1.0,0.0,0.0,2026-05-25
Statement,17.0,5.0,0.2941,2026-05-09
Statement,18.0,5.0,0.2778,2026-05-25
Stay First,21.0,6.0,0.2857,2026-01-04
Stay First,22.0,6.0,0.2727,2026-02-22
Stay First,23.0,6.0,0.2609,2026-03-22
Stay First,24.0,6.0,0.25,2026-05-25
Stay First,25.0,6.0,0.24,2026-06-07
Stellaluna,0.0,0.0,0.0,2026-05-09
Stellaluna,1.0,1.0,1.0,2026-05-30
Stellar Jay,0.0,0.0,0.0,2026-05-31
Sternprinz,0.0,0.0,0.0,2026-05-25
Stingray,4.0,0.0,0.0,2026-05-25
Storm And Conquest,0.0,0.0,0.0,2026-05-01
Storm And Conquest,1.0,0.0,0.0,2026-05-23
Storm And Conquest,2.0,0.0,0.0,2026-06-04
Storm Kodi,12.0,3.0,0.25,2026-04-19
Storm Kodi,13.0,3.0,0.2308,2026-05-01
Storm Kodi,14.0,3.0,0.2143,2026-05-30
Strahlemann,19.0,2.0,0.1053,2026-03-08
Strahlemann,20.0,2.0,0.1,2026-03-22
Strahlemann,21.0,2.0,0.0952,2026-04-06
Stuart Little,0.0,0.0,0.0,2026-05-01
Sturm,9.0,4.0,0.4444,2026-05-30
Stylo,0.0,0.0,0.0,2026-04-12
Stylo,1.0,0.0,0.0,2026-05-09
Stylo,2.0,0.0,0.0,2026-05-17
Subway Surfer,1.0,0.0,0.0,2026-05-17
Sugar Baby,2.0,0.0,0.0,2026-04-06
Sugar Baby,3.0,1.0,0.3333,2026-04-25
Sugar Baby,4.0,1.0,0.25,2026-05-14
Sugar Inthemorning,0.0,0.0,0.0,2026-05-17
Sukiyo,1.0,0.0,0.0,2026-03-28
Sukiyo,2.0,1.0,0.5,2026-05-01
Sukiyo,3.0,1.0,0.3333,2026-06-07
Sullyvan,6.0,0.0,0.0,2026-01-18
Sullyvan,7.0,0.0,0.0,2026-04-06
Sullyvan,8.0,0.0,0.0,2026-04-19
Sullyvan,9.0,0.0,0.0,2026-05-14
Sullyvan,10.0,0.0,0.0,2026-05-25
Summerwind,13.0,2.0,0.1538,2026-05-01
Summerwind,14.0,2.0,0.1429,2026-05-24
Summerwind,15.0,2.0,0.1333,2026-05-30
Sundaro,0.0,0.0,0.0,2026-05-09
Sundaro,1.0,0.0,0.0,2026-05-31
Sunny Sunshine,0.0,0.0,0.0,2026-05-10
Sunny Sunshine,1.0,0.0,0.0,2026-05-24
Sunny Time,1.0,0.0,0.0,2026-01-18
Sunny Time,2.0,0.0,0.0,2026-02-01
Sunshine Mag,0.0,0.0,0.0,2026-05-31
Super,0.0,0.0,0.0,2026-05-24
Super Marcy,0.0,0.0,0.0,2026-01-04
Super Marcy,1.0,0.0,0.0,2026-04-26
Super Marcy,2.0,0.0,0.0,2026-05-09
Super Marcy,3.0,0.0,0.0,2026-06-04
Superjet,27.0,2.0,0.0741,2026-03-28
Superjet,28.0,2.0,0.0714,2026-04-19
Superjet,29.0,2.0,0.069,2026-05-01
Superjet,30.0,2.0,0.0667,2026-05-17
Superjet,31.0,2.0,0.0645,2026-05-23
Superjet,32.0,3.0,0.0938,2026-06-07
Suresnes,0.0,0.0,0.0,2026-05-01
Suresnes,1.0,0.0,0.0,2026-05-25
Sweet Lady,9.0,1.0,0.1111,2026-04-18
Sweet Lady,10.0,1.0,0.1,2026-05-01
Sweet Lady,11.0,1.0,0.0909,2026-05-25
Sweet Sunshine,0.0,0.0,0.0,2026-05-31
Switsch,7.0,3.0,0.4286,2026-03-29
Symboly,1.0,0.0,0.0,2026-05-01
Symboly,2.0,0.0,0.0,2026-05-25
Synonymous,19.0,3.0,0.1579,2026-03-08
Synonymous,20.0,3.0,0.15,2026-05-14
Synonymous,21.0,3.0,0.1429,2026-05-31
Süper,9.0,1.0,0.1111,2026-05-01
Tabularasa,13.0,2.0,0.1538,2026-05-14
Tabularasa,14.0,2.0,0.1429,2026-06-06
Tacita,1.0,0.0,0.0,2026-05-16
Tahini,3.0,0.0,0.0,2026-03-29
Tahini,4.0,0.0,0.0,2026-04-12
Tahini,5.0,1.0,0.2,2026-05-25
Tailwind,1.0,0.0,0.0,2026-04-12
Tailwind,2.0,1.0,0.5,2026-05-01
Takaka Rain,0.0,0.0,0.0,2026-05-10
Talgo Abbess,8.0,0.0,0.0,2026-01-04
Talgo Abbess,9.0,0.0,0.0,2026-03-08
Talgo Abbess,10.0,0.0,0.0,2026-04-18
Talgo Abbess,11.0,0.0,0.0,2026-05-09
Talgo Abbess,12.0,0.0,0.0,2026-05-24
Talgo Abbess,13.0,0.0,0.0,2026-05-30
Tamather,0.0,0.0,0.0,2026-04-26
Tamather,1.0,0.0,0.0,2026-05-17
Tamather,2.0,0.0,0.0,2026-06-04
Taromina,3.0,0.0,0.0,2026-01-04
Tarzan Al Gunay,0.0,0.0,0.0,2026-04-26
Tarzan Al Gunay,1.0,0.0,0.0,2026-05-10
Tatsthewaytodoit,12.0,0.0,0.0,2026-06-04
Tausendschön,4.0,1.0,0.25,2026-05-30
Taygeta,1.0,0.0,0.0,2026-04-19
Taygeta,2.0,0.0,0.0,2026-05-01
Teardrop,0.0,0.0,0.0,2026-05-16
Techno Beat,5.0,0.0,0.0,2026-04-05
Techno Beat,6.0,0.0,0.0,2026-05-10
Teresa Mendoza,1.0,0.0,0.0,2026-06-07
Terratino Fire,15.0,2.0,0.1333,2026-01-04
Terratino Fire,16.0,2.0,0.125,2026-04-26
Terratino Fire,17.0,2.0,0.1176,2026-05-14
Terratino Fire,18.0,2.0,0.1111,2026-05-25
Terratino Fire,19.0,2.0,0.1053,2026-06-07
Thalia,0.0,0.0,0.0,2026-01-18
Thalia,1.0,0.0,0.0,2026-06-07
The Magic Melody,0.0,0.0,0.0,2026-05-14
The Magic Melody,1.0,0.0,0.0,2026-05-31
The Queens Diamond,5.0,0.0,0.0,2026-05-01
The Queens Diamond,6.0,0.0,0.0,2026-05-10
The Queens Diamond,7.0,0.0,0.0,2026-05-24
Thekingofmyheart,17.0,0.0,0.0,2026-05-08
Thekingofmyheart,18.0,0.0,0.0,2026-05-14
Thekingofmyheart,19.0,1.0,0.0526,2026-06-07
Theo,6.0,1.0,0.1667,2026-04-06
Theo,7.0,1.0,0.1429,2026-04-25
Theo,8.0,1.0,0.125,2026-05-17
Tia Sophia,2.0,0.0,0.0,2026-03-28
Tia Sophia,3.0,0.0,0.0,2026-04-19
Tia Sophia,4.0,0.0,0.0,2026-05-23
Tia Sophia,5.0,0.0,0.0,2026-06-06
Tierna Estrellita,0.0,0.0,0.0,2026-06-07
Tiffany Twisted,13.0,1.0,0.0769,2026-01-04
Tiffany Twisted,14.0,1.0,0.0714,2026-02-01
Tiffany Twisted,15.0,1.0,0.0667,2026-02-22
Tiffany Twisted,16.0,2.0,0.125,2026-03-08
Tiffany Twisted,17.0,2.0,0.1176,2026-03-29
Tiffany Twisted,18.0,2.0,0.1111,2026-04-18
Tiffany Twisted,19.0,2.0,0.1053,2026-04-26
Tiffany Twisted,20.0,3.0,0.15,2026-05-09
Tiffany Twisted,21.0,4.0,0.1905,2026-06-04
Tiffany Twisted,22.0,5.0,0.2273,2026-06-07
Time Goes On,0.0,0.0,0.0,2026-04-06
Timeforshowcasing,0.0,0.0,0.0,2026-05-31
Times Jubilee,0.0,0.0,0.0,2026-05-03
Tina Al Gunay,1.0,0.0,0.0,2026-04-19
Tina Al Gunay,2.0,0.0,0.0,2026-05-10
Tina Al Gunay,3.0,0.0,0.0,2026-05-31
Title Role,0.0,0.0,0.0,2026-05-25
Titus,0.0,0.0,0.0,2026-05-25
Toijk,0.0,0.0,0.0,2026-04-26
Toijk,1.0,0.0,0.0,2026-05-31
Tommorah,40.0,4.0,0.1,2026-01-04
Tommorah,41.0,5.0,0.122,2026-02-01
Tommorah,42.0,5.0,0.119,2026-04-18
Tommorah,43.0,5.0,0.1163,2026-04-26
Tommorah,44.0,5.0,0.1136,2026-05-14
Tommorah,45.0,5.0,0.1111,2026-05-24
Tommorah,46.0,5.0,0.1087,2026-05-30
Tommorah,47.0,5.0,0.1064,2026-06-04
Topaze Vendome,0.0,0.0,0.0,2026-05-16
Tornado,0.0,0.0,0.0,2026-06-07
Torqueville,5.0,0.0,0.0,2026-05-01
Tough Tom,6.0,3.0,0.5,2026-04-25
Tough Tom,7.0,3.0,0.4286,2026-06-06
Track Record,24.0,3.0,0.125,2026-01-04
Track Record,25.0,3.0,0.12,2026-01-18
Tramuntana,0.0,0.0,0.0,2026-05-03
Tres Chic,7.0,0.0,0.0,2026-01-04
Tres Chic,8.0,0.0,0.0,2026-02-01
Tres Chic,9.0,0.0,0.0,2026-02-22
Tres Chic,10.0,0.0,0.0,2026-03-08
Tres Chic,11.0,1.0,0.0909,2026-04-05
Tres Chic,12.0,1.0,0.0833,2026-05-01
Tres Chic,13.0,1.0,0.0769,2026-05-30
Trust My Luck,0.0,0.0,0.0,2026-05-09
Trust my luck,0.0,0.0,0.0,2026-05-30
Tulpar,7.0,1.0,0.1429,2026-03-22
Tulpar,8.0,1.0,0.125,2026-05-08
Tulpar,9.0,1.0,0.1111,2026-06-07
Turfstar,7.0,1.0,0.1429,2026-01-04
Turfstar,8.0,1.0,0.125,2026-01-18
Turfstar,9.0,1.0,0.1111,2026-02-01
Turfstar,10.0,1.0,0.1,2026-03-22
Turfstar,11.0,1.0,0.0909,2026-03-28
Turfstar,12.0,1.0,0.0833,2026-05-16
Two Tribes,13.0,1.0,0.0769,2026-03-22
Two Tribes,14.0,1.0,0.0714,2026-04-25
Two Tribes,15.0,1.0,0.0667,2026-06-06
Ultra's Son,1.0,0.0,0.0,2026-05-09
Ultra's Son,2.0,0.0,0.0,2026-05-24
Unex Friendly,8.0,1.0,0.125,2026-04-06
Unex Friendly,9.0,1.0,0.1111,2026-04-26
Unex Friendly,10.0,1.0,0.1,2026-05-14
Unex Friendly,11.0,1.0,0.0909,2026-06-06
Universal Dream,0.0,0.0,0.0,2026-03-29
Universal Dream,1.0,0.0,0.0,2026-04-26
Universal Dream,2.0,0.0,0.0,2026-05-09
Universal Dream,3.0,0.0,0.0,2026-05-31
Va Bene,0.0,0.0,0.0,2026-03-29
Va Bene,1.0,0.0,0.0,2026-05-01
Va Bene,2.0,0.0,0.0,2026-06-06
Vaisseau Fantome,15.0,2.0,0.1333,2026-04-06
Valanco,2.0,0.0,0.0,2026-04-19
Valanco,3.0,0.0,0.0,2026-05-24
Valentino Dancer,16.0,1.0,0.0625,2026-01-04
Valentino Dancer,17.0,1.0,0.0588,2026-02-01
Valentino Dancer,18.0,1.0,0.0556,2026-03-22
Valentino Dancer,19.0,1.0,0.0526,2026-05-01
Valerta,0.0,0.0,0.0,2026-06-07
Valtteri,4.0,0.0,0.0,2026-05-23
Vamos A Marte,0.0,0.0,0.0,2026-04-19
Vamos A Marte,1.0,0.0,0.0,2026-05-01
Vamos A Marte,2.0,0.0,0.0,2026-06-07
Varley,0.0,0.0,0.0,2026-03-22
Varley,1.0,0.0,0.0,2026-04-19
Varley,2.0,0.0,0.0,2026-05-09
Varon,17.0,0.0,0.0,2026-03-22
Varon,18.0,0.0,0.0,2026-04-26
Varon,19.0,0.0,0.0,2026-05-30
Vasco,0.0,0.0,0.0,2026-01-04
Vasco,1.0,0.0,0.0,2026-02-01
Vasco,2.0,0.0,0.0,2026-03-29
Velato,29.0,3.0,0.1034,2026-04-05
Velato,30.0,3.0,0.1,2026-05-01
Velato,31.0,3.0,0.0968,2026-05-10
Veneziana,13.0,1.0,0.0769,2026-04-19
Veneziana,14.0,1.0,0.0714,2026-05-01
Veneziana,15.0,1.0,0.0667,2026-05-23
Venus Victrix,0.0,0.0,0.0,2026-05-16
Venus Victrix,1.0,0.0,0.0,2026-06-07
Victory Call,0.0,0.0,0.0,2026-04-06
Victory Call,1.0,1.0,1.0,2026-06-07
Vilana,30.0,3.0,0.1,2026-02-01
Vilana,31.0,3.0,0.0968,2026-02-22
Vilana,32.0,3.0,0.0938,2026-03-08
Vilana,33.0,3.0,0.0909,2026-03-29
Vilana,34.0,3.0,0.0882,2026-05-01
Vilana,35.0,4.0,0.1143,2026-05-30
Vinnare,29.0,2.0,0.069,2026-01-18
Vinnare,30.0,2.0,0.0667,2026-02-01
Vinnare,31.0,3.0,0.0968,2026-02-22
Vinnare,32.0,3.0,0.0938,2026-03-08
Vinnare,33.0,3.0,0.0909,2026-03-22
Vinnare,34.0,3.0,0.0882,2026-05-08
Vinnare,35.0,3.0,0.0857,2026-05-10
Vinnare,36.0,3.0,0.0833,2026-05-25
Vinnare,37.0,3.0,0.0811,2026-06-07
Vintage Love,14.0,1.0,0.0714,2026-05-16
Vintage Love,15.0,1.0,0.0667,2026-06-06
Vive En Foret,0.0,0.0,0.0,2026-04-06
Vive En Foret,1.0,1.0,1.0,2026-05-08
Vive En Foret,2.0,1.0,0.5,2026-05-25
Vukovino,1.0,0.0,0.0,2026-05-24
Wahrsager,5.0,1.0,0.2,2026-04-06
Wahrsager,6.0,1.0,0.1667,2026-05-25
Wahrsager,7.0,1.0,0.1429,2026-06-07
Wakey Wakey,18.0,3.0,0.1667,2026-03-29
Waladares,0.0,0.0,0.0,2026-04-05
Waladares,1.0,1.0,1.0,2026-05-01
Waladares,2.0,1.0,0.5,2026-06-06
Waldadler,9.0,2.0,0.2222,2026-04-05
Waldadler,10.0,2.0,0.2,2026-05-10
Waldblues,1.0,0.0,0.0,2026-05-24
Waldemar,2.0,0.0,0.0,2026-05-03
Waldemar,3.0,0.0,0.0,2026-05-25
Waldnebel,7.0,2.0,0.2857,2026-04-06
Waldnebel,8.0,2.0,0.25,2026-05-08
Waldulm,10.0,0.0,0.0,2026-04-06
Walencia,18.0,3.0,0.1667,2026-02-01
Walencia,19.0,3.0,0.1579,2026-03-22
Walerico,0.0,0.0,0.0,2026-04-06
Walerico,1.0,0.0,0.0,2026-05-01
Walerico,2.0,0.0,0.0,2026-05-25
Walkover,8.0,1.0,0.125,2026-05-01
Walkover,9.0,1.0,0.1111,2026-05-31
War Bride,3.0,1.0,0.3333,2026-04-06
War Bride,4.0,1.0,0.25,2026-05-01
War Bride,5.0,1.0,0.2,2026-06-07
Wariyano,5.0,1.0,0.2,2026-05-10
Wariyano,6.0,1.0,0.1667,2026-06-04
Warren Hill,8.0,3.0,0.375,2026-05-01
Wazlaw,14.0,1.0,0.0714,2026-04-06
Wazlaw,15.0,1.0,0.0667,2026-04-26
Wazlaw,16.0,1.0,0.0625,2026-05-16
We Get By,7.0,0.0,0.0,2026-03-28
We Get By,8.0,0.0,0.0,2026-05-16
We Get By,9.0,0.0,0.0,2026-06-06
Weah Kaizen,3.0,0.0,0.0,2026-05-01
Weah Kaizen,4.0,0.0,0.0,2026-05-25
Weekend Warrior,0.0,0.0,0.0,2026-03-22
Weekend Warrior,1.0,1.0,1.0,2026-05-10
Well Al,0.0,0.0,0.0,2026-04-25
Well Al,1.0,1.0,1.0,2026-05-24
Welyka,1.0,0.0,0.0,2026-03-29
Welyka,2.0,0.0,0.0,2026-04-26
Welyka,3.0,0.0,0.0,2026-05-09
Welyka,4.0,0.0,0.0,2026-05-31
West Man,5.0,1.0,0.2,2026-02-22
West Man,6.0,1.0,0.1667,2026-03-22
West Man,7.0,1.0,0.1429,2026-05-01
West Man,8.0,1.0,0.125,2026-05-25
West Man,9.0,1.0,0.1111,2026-06-06
Westminster Sky,0.0,0.0,0.0,2026-04-25
Westminster Sky,1.0,0.0,0.0,2026-05-17
Westwood,6.0,1.0,0.1667,2026-04-25
Wetterkopf,0.0,0.0,0.0,2026-06-07
What A Dude,14.0,3.0,0.2143,2026-04-05
What A Dude,15.0,3.0,0.2,2026-05-25
Why Limit,14.0,4.0,0.2857,2026-04-12
Whywhywhy Delilah,1.0,0.0,0.0,2026-01-18
Whywhywhy Delilah,2.0,0.0,0.0,2026-03-29
Whywhywhy Delilah,3.0,0.0,0.0,2026-04-12
Whywhywhy Delilah,4.0,0.0,0.0,2026-05-17
Whywhywhy Delilah,5.0,1.0,0.2,2026-05-30
Wie Wunderbar,0.0,0.0,0.0,2026-04-05
Wie Wunderbar,1.0,0.0,0.0,2026-05-03
Wikinger,12.0,2.0,0.1667,2026-04-06
Wikinger,13.0,2.0,0.1538,2026-05-01
Wikinger,14.0,2.0,0.1429,2026-06-07
Wild Cooper,1.0,0.0,0.0,2026-05-01
Wild Crusade,0.0,0.0,0.0,2026-06-04
Wild Run,19.0,1.0,0.0526,2026-06-06
Wilddieb,6.0,0.0,0.0,2026-05-10
Wilddieb,7.0,1.0,0.1429,2026-05-24
Wildest Lips,0.0,0.0,0.0,2026-05-10
Wildest Lips,1.0,0.0,0.0,2026-05-30
Wildpfad,5.0,0.0,0.0,2026-05-30
Wilko,5.0,2.0,0.4,2026-04-05
Wilko,6.0,3.0,0.5,2026-06-07
Willy Campbell,9.0,4.0,0.4444,2026-03-22
Willy Campbell,10.0,4.0,0.4,2026-04-25
Willy Campbell,11.0,4.0,0.3636,2026-06-06
Windfang,10.0,2.0,0.2,2026-05-01
Windfang,11.0,2.0,0.1818,2026-06-06
Wings Of Glory,0.0,0.0,0.0,2026-04-06
Wings Of Glory,1.0,0.0,0.0,2026-05-09
Wings Of Glory,2.0,0.0,0.0,2026-06-04
Wintersonne,0.0,0.0,0.0,2026-05-03
Wintersonne,1.0,0.0,0.0,2026-05-31
Wintertraum,5.0,2.0,0.4,2026-05-08
With Annie Luck,20.0,1.0,0.05,2026-01-18
With Annie Luck,21.0,1.0,0.0476,2026-02-22
With Annie Luck,22.0,1.0,0.0455,2026-03-08
With Annie Luck,23.0,1.0,0.0435,2026-03-22
With Annie Luck,24.0,1.0,0.0417,2026-04-18
With Annie Luck,25.0,1.0,0.04,2026-05-09
With Annie Luck,26.0,1.0,0.0385,2026-05-25
Wizard Of Lips,0.0,0.0,0.0,2026-05-01
Wizard Of Lips,1.0,0.0,0.0,2026-05-25
Wonderful World,18.0,2.0,0.1111,2026-04-06
Wonderful World,19.0,2.0,0.1053,2026-05-23
Wonderful World,20.0,2.0,0.1,2026-06-04
Woodstone,9.0,0.0,0.0,2026-04-19
Woodstone,10.0,0.0,0.0,2026-05-23
Woody Wood,15.0,5.0,0.3333,2026-01-04
Woody Wood,16.0,5.0,0.3125,2026-02-22
Woody Wood,17.0,6.0,0.3529,2026-03-28
Woody Wood,18.0,6.0,0.3333,2026-04-19
Woody Wood,19.0,6.0,0.3158,2026-05-08
Woody Wood,20.0,6.0,0.3,2026-05-24
World Two Times,7.0,1.0,0.1429,2026-04-25
World Two Times,8.0,1.0,0.125,2026-05-16
Worrington,1.0,0.0,0.0,2026-04-19
Worrington,2.0,0.0,0.0,2026-05-17
Worrington,3.0,0.0,0.0,2026-06-07
Wyjona,0.0,0.0,0.0,2026-06-06
Yacomo,0.0,0.0,0.0,2026-06-06
You Are Mine,1.0,0.0,0.0,2026-05-08
You Are Mine,2.0,0.0,0.0,2026-05-25
Zabeel Dream,0.0,0.0,0.0,2026-04-05
Zabeel Dream,1.0,0.0,0.0,2026-05-14
Zakaria,14.0,1.0,0.0714,2026-04-06
Zakaria,15.0,1.0,0.0667,2026-05-17
Zakaria,16.0,1.0,0.0625,2026-06-04
Zaroon,13.0,1.0,0.0769,2026-01-04
Zaroon,14.0,2.0,0.1429,2026-01-18
Zaroon,15.0,3.0,0.2,2026-02-01
Zaroon,16.0,4.0,0.25,2026-03-08
Zaroon,17.0,4.0,0.2353,2026-03-29
Zashkhana,1.0,0.0,0.0,2026-05-01
Zashkhana,2.0,0.0,0.0,2026-05-23
Zauberflote,0.0,0.0,0.0,2026-06-06
Zeerover,0.0,0.0,0.0,2026-04-18
Zega Top,9.0,1.0,0.1111,2026-05-09
Zega Top,10.0,2.0,0.2,2026-05-25
Zega Top,11.0,2.0,0.1818,2026-06-07
Zein,8.0,0.0,0.0,2026-05-16
Zein,9.0,0.0,0.0,2026-06-07
Zeolakis,0.0,0.0,0.0,2026-01-04
Zeraphina,9.0,1.0,0.1111,2026-01-18
Zeraphina,10.0,2.0,0.2,2026-02-01
Zerostress,10.0,2.0,0.2,2026-04-06
Zerostress,11.0,2.0,0.1818,2026-05-01
Zerostress,12.0,2.0,0.1667,2026-05-25
Zerostress,13.0,2.0,0.1538,2026-06-07
Znoop Digger,18.0,1.0,0.0556,2026-05-30
Zuckerhut,3.0,2.0,0.6667,2026-04-05
Zuckerhut,4.0,2.0,0.5,2026-05-08
Zusi Qui,0.0,0.0,0.0,2026-05-10
Zusi Qui,1.0,0.0,0.0,2026-05-25
Zusi Qui,2.0,0.0,0.0,2026-06-07
